date,Open,High,Low,Close,Volume,last_earnings_date,days_since_earning,month,day_of_week,quarter,year,is_month_end,is_month_start,rolling_volatility,return_1d,cumulative_return,time_idx,NVDA_close,unique_id,sentiment
2023-11-22 00:00:00-05:00,49.825444647955656,50.30818524557121,47.66459379977652,48.69004821777344,899420000,2023-11-21 16:20:00-05:00,0.0,11,2,4,2023,0,0,0.9712812688169408,-0.0245875124039541,1294.6352629241308,0,48.69004821777344,NVDA,0
2023-11-24 00:00:00-05:00,48.44418371661637,48.89494370536702,47.719567599637976,47.75055313110352,294645000,2023-11-21 16:20:00-05:00,2.0,11,4,4,2023,0,0,0.7938670239400321,-0.0192954232139571,1269.6547276182969,1,47.75055313110352,NVDA,0
2023-11-27 00:00:00-05:00,47.774535085791925,48.50414574060009,47.626615118323514,48.21630096435547,395662000,2023-11-21 16:20:00-05:00,5.0,11,0,4,2023,0,0,0.8044461453956449,0.009753768337996,1282.038645700727,2,48.21630096435547,NVDA,0
2023-11-28 00:00:00-05:00,48.21030059128394,48.29725603847213,47.44770661904763,47.7955207824707,401491000,2023-11-21 16:20:00-05:00,6.0,11,1,4,2023,0,0,0.8925004342751938,-0.0087269278951082,1270.8503868809546,3,47.7955207824707,NVDA,0
2023-11-29 00:00:00-05:00,48.353231914775776,48.73602732533338,47.834507360313225,48.114356994628906,382005000,2023-11-21 16:20:00-05:00,7.0,11,2,4,2023,0,0,0.9017284850473491,0.0066708387509637,1279.3280248884373,4,48.114356994628906,NVDA,0
2023-11-30 00:00:00-05:00,47.99841648388341,48.084373021372656,46.39727247213995,46.745086669921875,526247000,2023-11-21 16:20:00-05:00,8.0,11,3,4,2023,1,0,1.1195641541288914,-0.0284586641126657,1242.9200583382171,5,46.745086669921875,NVDA,0
2023-12-01 00:00:00-05:00,46.50021939065631,47.17485908076749,46.16239818011134,46.740089416503906,369317000,2023-11-21 16:20:00-05:00,9.0,12,4,4,2023,0,1,1.2228300376666037,-0.0001069043566708,1242.7871847689871,6,46.740089416503906,NVDA,0
2023-12-04 00:00:00-05:00,46.05245523122368,46.05245523122368,44.986022261895734,45.48575592041016,437543000,2023-11-21 16:20:00-05:00,12.0,12,0,4,2023,0,0,1.4709048604026338,-0.0268363520856005,1209.4353103110543,7,45.48575592041016,NVDA,0
2023-12-05 00:00:00-05:00,45.445778832214906,46.57927336285984,45.25086586250878,46.545291900634766,371718000,2023-11-21 16:20:00-05:00,13.0,12,1,4,2023,0,0,1.2612409675674785,0.0232937973390738,1237.60765132416,8,46.545291900634766,NVDA,0
2023-12-06 00:00:00-05:00,47.19399783098956,47.365922206036586,45.391798443811325,45.482757568359375,380590000,2023-11-21 16:20:00-05:00,14.0,12,2,4,2023,0,0,1.128554553269145,-0.022827965813249,1209.3555861695163,9,45.482757568359375,NVDA,0
2023-12-07 00:00:00-05:00,45.67967404093923,46.60826168882766,45.583716069310206,46.57527542114258,350823000,2023-11-21 16:20:00-05:00,15.0,12,3,4,2023,0,0,1.0001036614002807,0.0240204840513722,1238.4048927395393,10,46.57527542114258,NVDA,0
2023-12-08 00:00:00-05:00,46.574276804692715,47.719766997972506,46.529294836927505,47.48487091064453,359224000,2023-11-21 16:20:00-05:00,16.0,12,4,4,2023,0,0,0.9796487233536452,0.019529578328356,1262.5904180945154,11,47.48487091064453,NVDA,0
2023-12-11 00:00:00-05:00,47.469880182116974,47.50985949480555,45.809619589825815,46.60626220703125,509728000,2023-11-21 16:20:00-05:00,19.0,12,0,4,2023,0,0,0.8686826500167325,-0.0185029186510081,1239.22881029897,12,46.60626220703125,NVDA,0
2023-12-12 00:00:00-05:00,46.02551974926929,47.64479809072532,46.02551974926929,47.63580322265625,372387000,2023-11-21 16:20:00-05:00,20.0,12,1,4,2023,0,0,0.848716214079026,0.0220901863155564,1266.6036056060798,13,47.63580322265625,NVDA,0
2023-12-13 00:00:00-05:00,47.60782054607612,48.57239155389096,47.58682997648847,48.06661605834961,447792000,2023-11-21 16:20:00-05:00,21.0,12,2,4,2023,0,0,0.8402279110639542,0.009043887297957,1278.0586258663673,14,48.06661605834961,NVDA,0
2023-12-14 00:00:00-05:00,48.36847815093142,48.64835240200664,47.400910159356584,48.328495025634766,391232000,2023-11-21 16:20:00-05:00,22.0,12,3,4,2023,0,0,0.9796038348336285,0.0054482505480988,1285.021809475246,15,48.328495025634766,NVDA,0
2023-12-15 00:00:00-05:00,48.17256225420351,49.38202309847893,48.09859385972537,48.86825180053711,479948000,2023-11-21 16:20:00-05:00,23.0,12,4,4,2023,0,0,1.1572434994503942,0.011168499549097,1299.3735749749503,16,48.86825180053711,NVDA,0
2023-12-18 00:00:00-05:00,49.378028634178875,50.41056629319065,49.12813983302007,50.054725646972656,412587000,2023-11-21 16:20:00-05:00,26.0,12,0,4,2023,0,0,1.3340600903347846,0.0242790319424217,1330.921107506906,17,50.054725646972656,NVDA,0
2023-12-19 00:00:00-05:00,49.40201184194275,49.67789003009956,48.87324785664231,49.581932067871094,464444000,2023-11-21 16:20:00-05:00,27.0,12,1,4,2023,0,0,1.4190975679168008,-0.0094455333235885,1318.349847834882,18,49.581932067871094,NVDA,0
2023-12-20 00:00:00-05:00,49.63291153522144,49.976760288399895,48.07660490389437,48.089599609375,397894000,2023-11-21 16:20:00-05:00,28.0,12,2,4,2023,0,0,1.1451395820043633,-0.0300983119506776,1278.6697428546192,19,48.089599609375,NVDA,0
2023-12-21 00:00:00-05:00,48.789290888381665,49.07316496870164,48.39746313558766,48.96821212768555,300425000,2023-11-21 16:20:00-05:00,29.0,12,3,4,2023,0,0,1.0284199057486303,0.0182703230105343,1302.03145208037,20,48.96821212768555,NVDA,0
2023-12-22 00:00:00-05:00,49.173116447816035,49.361032545869435,48.4454396410346,48.80828094482422,252507000,2023-11-21 16:20:00-05:00,30.0,12,4,4,2023,0,0,0.986371253635071,-0.0032660204633222,1297.7789907139863,21,48.80828094482422,NVDA,0
2023-12-26 00:00:00-05:00,48.946213796388726,49.577932603982376,48.93821793497618,49.257076263427734,244200000,2023-11-21 16:20:00-05:00,34.0,12,1,4,2023,0,0,0.7480536467366258,0.0091950650569083,1309.7121529630904,22,49.257076263427734,NVDA,0
2023-12-27 00:00:00-05:00,49.4889833119889,49.65790687402026,49.06317025916308,49.395023345947266,233648000,2023-11-21 16:20:00-05:00,35.0,12,2,4,2023,0,0,0.6536608689499611,0.0028005536053701,1313.3800720550682,23,49.395023345947266,NVDA,0
2023-12-28 00:00:00-05:00,49.62092167584078,49.861811801128255,49.39002161209968,49.49997329711914,246587000,2023-11-21 16:20:00-05:00,36.0,12,3,4,2023,0,0,0.594937060649161,0.0021247069859009,1316.1706198693068,24,49.49997329711914,NVDA,0
2023-12-29 00:00:00-05:00,49.79084423414316,49.97476431761222,48.72931630882886,49.49997329711914,389293000,2023-11-21 16:20:00-05:00,37.0,12,4,4,2023,0,0,0.5424071869133632,0.0,1316.1706198693068,25,49.49997329711914,NVDA,0
2024-01-02 00:00:00-05:00,49.22209367645226,49.27306967783242,47.57382895982364,48.14657211303711,411254000,2023-11-21 16:20:00-05:00,41.0,1,1,1,2024,0,0,0.6323455462127086,-0.0273414528116684,1280.184602974046,26,48.14657211303711,NVDA,0
2024-01-03 00:00:00-05:00,47.46387785018922,48.16256441258292,47.29895033204464,47.5478401184082,320896000,2023-11-21 16:20:00-05:00,42.0,1,2,1,2024,0,0,0.7164029835306954,-0.0124356100206515,1264.264726497018,27,47.5478401184082,NVDA,0
2024-01-04 00:00:00-05:00,47.74575398330261,48.478429690770945,47.486870301849585,47.976654052734375,306535000,2023-11-21 16:20:00-05:00,43.0,1,3,1,2024,0,0,0.7213383726584919,0.0090185786201497,1275.6665973296135,28,47.976654052734375,NVDA,0
2024-01-05 00:00:00-05:00,48.4404488816021,49.52496542518822,48.28451621704277,49.075164794921875,415039000,2023-11-21 16:20:00-05:00,44.0,1,4,1,2024,0,0,0.6925550710691023,0.0228967768569281,1304.8752507525064,29,49.075164794921875,NVDA,0
2024-01-08 00:00:00-05:00,49.48997732560851,52.2517487880838,49.45699105890023,52.22975540161133,642510000,2023-11-21 16:20:00-05:00,47.0,1,0,1,2024,0,0,1.2855543060862082,0.0642807949779087,1388.7536692178755,30,52.22975540161133,NVDA,0
2024-01-09 00:00:00-05:00,52.377693807569635,54.300837828077086,51.66700770075754,53.116363525390625,773100000,2023-11-21 16:20:00-05:00,48.0,1,1,1,2024,0,0,1.7853736690995856,0.0169751536640729,1412.3279761543945,31,53.116363525390625,NVDA,0
2024-01-10 00:00:00-05:00,53.59215009598459,54.57570971056109,53.465203876971934,54.32582092285156,533796000,2023-11-21 16:20:00-05:00,49.0,1,2,1,2024,0,0,2.3236398596867387,0.0227699585812721,1444.4866256746018,32,54.32582092285156,NVDA,0
2024-01-11 00:00:00-05:00,54.974538278058645,55.32138406257686,53.53617913526717,54.79761505126953,596759000,2023-11-21 16:20:00-05:00,50.0,1,3,1,2024,0,0,2.7375459381133167,0.0086845282851402,1457.0313106327797,33,54.79761505126953,NVDA,0
2024-01-12 00:00:00-05:00,54.59570119993984,54.94554779007713,54.30583310445503,54.68566131591797,352994000,2023-11-21 16:20:00-05:00,51.0,1,4,1,2024,0,0,2.981742762634349,-0.0020430402901078,1454.0545369612082,34,54.68566131591797,NVDA,0
2024-01-16 00:00:00-05:00,54.99353042144443,56.80971977782299,54.8755828754699,56.3569221496582,449580000,2023-11-21 16:20:00-05:00,55.0,1,1,1,2024,0,0,3.3306651872900295,0.0305612256215646,1498.4922257313394,35,56.3569221496582,NVDA,0
2024-01-17 00:00:00-05:00,56.32193648756163,56.44588188035791,54.71565285080781,56.02806854248047,474394000,2023-11-21 16:20:00-05:00,56.0,1,2,1,2024,0,0,3.29561893383493,-0.005835194588953,1489.7482320041636,36,56.02806854248047,NVDA,0
2024-01-18 00:00:00-05:00,57.23453202066577,57.574380958680926,56.08204493775271,57.081600189208984,491650000,2023-11-21 16:20:00-05:00,57.0,1,3,1,2024,0,0,3.0359770631566505,0.0188036402848641,1517.7609218737823,37,57.081600189208984,NVDA,0
2024-01-19 00:00:00-05:00,57.96320397314021,59.47353344222575,57.19954387364636,59.46453857421875,543501000,2023-11-21 16:20:00-05:00,58.0,1,4,1,2024,0,0,2.853417522290351,0.041746173497432,1581.1216326459476,38,59.46453857421875,NVDA,0
2024-01-22 00:00:00-05:00,60.02229288975706,60.30416896446509,59.043728210190025,59.62746810913086,452955000,2023-11-21 16:20:00-05:00,61.0,1,0,1,2024,0,0,2.4595194399397213,0.0027399444916023,1585.4538181538692,39,59.62746810913086,NVDA,0
2024-01-23 00:00:00-05:00,59.54350406262355,59.883352989442805,58.558941562294194,59.84637069702149,294654000,2023-11-21 16:20:00-05:00,62.0,1,1,1,2024,0,0,2.4199234013130932,0.0036711702648515,1591.274289067371,40,59.84637069702149,NVDA,0
2024-01-24 00:00:00-05:00,60.2771772992484,62.82104343884221,59.91133896943749,61.3347053527832,560271000,2023-11-21 16:20:00-05:00,63.0,1,2,1,2024,0,0,2.523939016026718,0.0248692550346381,1630.84809519225,41,61.3347053527832,NVDA,0
2024-01-25 00:00:00-05:00,62.32226768072647,62.69110685867125,60.82293482092069,61.589595794677734,482777000,2023-11-21 16:20:00-05:00,64.0,1,3,1,2024,0,0,2.5994407968755677,0.0041557294590144,1637.625458664618,42,61.589595794677734,NVDA,0
2024-01-26 00:00:00-05:00,60.93288527775175,61.75552108430859,60.54606018359251,61.00385284423828,390309000,2023-11-21 16:20:00-05:00,65.0,1,4,1,2024,0,0,2.465796816056816,-0.0095104204351682,1622.0509520373823,43,61.00385284423828,NVDA,0
2024-01-29 00:00:00-05:00,61.20476066386155,62.46120148307655,60.8799082837458,62.43721389770508,348733000,2023-11-21 16:20:00-05:00,68.0,1,0,1,2024,0,0,2.2738968260936248,0.0234962381331325,1660.1630474705269,44,62.43721389770508,NVDA,0
2024-01-30 00:00:00-05:00,62.872021892210576,63.46475661496494,62.23230337871972,62.74607467651367,410735000,2023-11-21 16:20:00-05:00,69.0,1,1,1,2024,0,0,2.1960790282429143,0.0049467418471718,1668.3754454905777,45,62.74607467651367,NVDA,0
2024-01-31 00:00:00-05:00,61.412670686118,62.241304333932014,60.67300196652344,61.4996337890625,453795000,2023-11-21 16:20:00-05:00,70.0,1,2,1,2024,1,0,1.687038288014843,-0.0198648424443629,1635.2334301278636,46,61.4996337890625,NVDA,0
2024-02-01 00:00:00-05:00,62.07237659144927,63.162894734552545,61.622579800424674,62.998966217041016,369146000,2023-11-21 16:20:00-05:00,71.0,2,3,1,2024,0,1,1.2798623132223987,0.0243795342444002,1675.0996595352535,47,62.998966217041016,NVDA,0
2024-02-02 00:00:00-05:00,63.94554473750389,66.57037619899856,63.66167065816395,66.13057708740234,476578000,2023-11-21 16:20:00-05:00,72.0,2,4,1,2024,0,0,1.8519187428469563,0.0497089247396926,1758.3670624425763,48,66.13057708740234,NVDA,0
2024-02-05 00:00:00-05:00,68.19465284227928,69.4660902448963,67.17510988104948,69.30116271972656,680078000,2023-11-21 16:20:00-05:00,75.0,2,0,1,2024,0,0,2.8029008345995177,0.0479443212499683,1842.6707777596864,49,69.30116271972656,NVDA,0
2024-02-06 00:00:00-05:00,69.59902939073692,69.72297479094898,66.27051620023909,68.19265747070312,683111000,2023-11-21 16:20:00-05:00,76.0,2,1,1,2024,0,0,3.029750631266165,-0.0159954783660203,1813.1963771983335,50,68.19265747070312,NVDA,0
2024-02-07 00:00:00-05:00,68.28860324951218,70.18875841866728,67.5699213830753,70.06781005859375,495575000,2023-11-21 16:20:00-05:00,77.0,2,2,1,2024,0,0,3.4885956555552746,0.0274978664483962,1863.0554090232497,51,70.06781005859375,NVDA,0
2024-02-08 00:00:00-05:00,70.04282188718702,70.76250278254372,69.42410160910691,69.61001586914062,414422000,2023-11-21 16:20:00-05:00,78.0,2,3,1,2024,0,0,3.6391355781226298,-0.006533587806873,1850.8829729193264,52,69.61001586914062,NVDA,0
2024-02-09 00:00:00-05:00,70.50162714005796,72.15289282978941,70.1807707609263,72.10092163085938,436637000,2023-11-21 16:20:00-05:00,79.0,2,4,1,2024,0,0,3.836639568270919,0.0357837263879006,1917.1144627982956,53,72.10092163085938,NVDA,0
2024-02-12 00:00:00-05:00,72.56770690031318,74.57781401880388,71.21830888867534,72.21586608886719,613710000,2023-11-21 16:20:00-05:00,82.0,2,0,1,2024,0,0,3.9287348333257786,0.001594216209833,1920.170757750994,54,72.21586608886719,NVDA,0
2024-02-13 00:00:00-05:00,70.368688512591,73.41732733630204,69.5890366666977,72.09591674804688,602580000,2023-11-21 16:20:00-05:00,83.0,2,1,1,2024,0,0,3.7852082024101943,-0.0016609832065532,1916.981386368655,55,72.09591674804688,NVDA,0
2024-02-14 00:00:00-05:00,73.169446485829,74.20298319220025,71.90600871778067,73.86713409423828,504917000,2023-11-21 16:20:00-05:00,84.0,2,2,1,2024,0,0,3.2557819417782885,0.0245675126426545,1964.0768508140004,56,73.86713409423828,NVDA,0
2024-02-15 00:00:00-05:00,73.83614652782032,73.94209455962387,72.367798166515,72.62567901611328,420122000,2023-11-21 16:20:00-05:00,85.0,2,3,1,2024,0,0,2.3710310260319587,-0.0168065959692056,1931.0674047298996,57,72.62567901611328,NVDA,0
2024-02-16 00:00:00-05:00,74.06703410620473,74.36890170975214,72.46874641870774,72.58069610595703,495327000,2023-11-21 16:20:00-05:00,86.0,2,4,1,2024,0,0,1.829241340581748,-0.0006193802352782,1929.87133974642,58,72.58069610595703,NVDA,0
2024-02-20 00:00:00-05:00,71.91498953034679,71.9239882106181,67.70386644737499,69.42110443115234,704833000,2023-11-21 16:20:00-05:00,90.0,2,1,1,2024,0,0,1.815268018142637,-0.0435321214085926,1845.8599462816153,59,69.42110443115234,NVDA,0
2024-02-21 00:00:00-05:00,67.97575281438615,68.85736435043377,66.21853903151819,67.4419937133789,690298000,2023-11-21 16:20:00-05:00,91.0,2,2,1,2024,0,0,1.966262891733525,-0.0285087760269818,1793.236738495896,60,67.4419937133789,NVDA,0
2024-02-22 00:00:00-05:00,74.99162188069766,78.54003786173894,74.1869797311235,78.50305938720703,865100000,2024-02-21 16:22:00-05:00,0.0,2,3,1,2024,0,0,2.975593392035644,0.1640085807788607,2087.342950977121,61,78.50305938720703,NVDA,0
2024-02-23 00:00:00-05:00,80.75405845544982,82.35734113444056,77.53548977298179,78.78193664550781,829388000,2024-02-21 16:22:00-05:00,1.0,2,4,1,2024,0,0,3.5072850566183615,0.0035524380893903,2094.7581075817925,62,78.78193664550781,NVDA,0
2024-02-26 00:00:00-05:00,79.6645473818615,80.6101333847281,78.47007920802383,79.05682373046875,503973000,2024-02-21 16:22:00-05:00,4.0,2,0,1,2024,0,0,3.975710898619587,0.0034892146177851,2102.067168191491,63,79.05682373046875,NVDA,0
2024-02-27 00:00:00-05:00,79.34569059981222,79.44465321768179,77.12768339613434,78.6659927368164,391705000,2024-02-21 16:22:00-05:00,5.0,2,1,1,2024,0,0,4.230617907236974,-0.0049436718452643,2091.675237915248,64,78.6659927368164,NVDA,0
2024-02-28 00:00:00-05:00,77.5854759749912,78.89788784146795,77.09069341452309,77.62845611572266,393110000,2024-02-21 16:22:00-05:00,6.0,2,2,1,2024,0,0,4.271328911933163,-0.0131891378345012,2064.087844897371,65,77.62845611572266,NVDA,0
2024-02-29 00:00:00-05:00,79.05882300732509,79.95442058749313,78.31515062293454,79.07681274414062,507289000,2024-02-21 16:22:00-05:00,7.0,2,3,1,2024,1,0,4.451069402130025,0.0186575477716428,2102.598662468411,66,79.07681274414062,NVDA,0
2024-03-01 00:00:00-05:00,79.96440808929653,82.26338787226389,79.3996570168458,82.24239349365234,479135000,2024-02-21 16:22:00-05:00,8.0,3,4,1,2024,0,1,4.8143277306579995,0.0400317190293721,2186.76930135588,67,82.24239349365234,NVDA,0
2024-03-04 00:00:00-05:00,84.09256408758873,87.65598030134815,83.68175147430307,85.1990737915039,615616000,2024-02-21 16:22:00-05:00,11.0,3,0,1,2024,0,0,5.344052614948303,0.0359508055669581,2265.3854193287184,68,85.1990737915039,NVDA,0
2024-03-05 00:00:00-05:00,85.23607018990775,86.0627446282655,83.38381061731276,85.92979431152344,520639000,2024-02-21 16:22:00-05:00,12.0,3,1,1,2024,0,0,5.079471500027793,0.0085766251615331,2284.8147809167035,69,85.92979431152344,NVDA,0
2024-03-06 00:00:00-05:00,87.98697936730527,89.68829799563825,86.99536968964857,88.66470336914062,582520000,2024-02-21 16:22:00-05:00,13.0,3,2,1,2024,0,0,3.8910834813182342,0.0318272501351772,2357.5341524614896,70,88.66470336914062,NVDA,0
2024-03-07 00:00:00-05:00,90.12211596889982,92.73007879589166,89.5663374903336,92.63211822509766,608119000,2024-02-21 16:22:00-05:00,14.0,3,3,1,2024,0,0,5.107501110212014,0.0447462711225612,2463.025014828229,71,92.63211822509766,NVDA,0
2024-03-08 00:00:00-05:00,95.10015250661483,97.36125367062506,86.471582722722,87.49317932128906,1142269000,2024-02-21 16:22:00-05:00,15.0,3,4,1,2024,0,0,5.091212511584001,-0.0554768583756325,2326.384124904963,72,87.49317932128906,NVDA,0
2024-03-11 00:00:00-04:00,86.39460628547256,88.76166015314031,84.13250636211416,85.7398681640625,678364000,2024-02-21 16:22:00-05:00,18.0,3,0,1,2024,0,0,4.853046612832574,-0.0200394038807084,2279.764773844324,73,85.7398681640625,NVDA,0
2024-03-12 00:00:00-04:00,88.01396590040753,91.92340506535317,86.11571950288663,91.87642669677734,668075000,2024-02-21 16:22:00-05:00,19.0,3,1,1,2024,0,0,4.938032850789846,0.0715718214188596,2442.9316911149167,74,91.87642669677734,NVDA,0
2024-03-13 00:00:00-04:00,91.0187705277177,91.4675893741384,88.39981025124858,90.85183715820312,635713000,2024-02-21 16:22:00-05:00,20.0,3,2,1,2024,0,0,4.278253770019339,-0.0111518218046909,2415.688552214571,75,90.85183715820312,NVDA,0
2024-03-14 00:00:00-04:00,89.54135761646017,90.60993246753917,86.56553726731572,87.90900421142578,602318000,2024-02-21 16:22:00-05:00,21.0,3,3,1,2024,0,0,3.257447814176513,-0.032391562337401,2337.4406258877666,76,87.90900421142578,NVDA,0
2024-03-15 00:00:00-04:00,86.89540339171198,89.51035957614793,86.22267471383468,87.80204010009766,642086000,2024-02-21 16:22:00-05:00,22.0,3,4,1,2024,0,0,2.6017532988774748,-0.0012167594467441,2334.596522925014,77,87.80204010009766,NVDA,0
2024-03-18 00:00:00-04:00,90.35202919541368,92.3682247909847,87.05034227173738,88.4197998046875,668976000,2024-02-21 16:22:00-05:00,25.0,3,0,1,2024,0,0,2.347009502597103,0.0070358240410539,2351.022333267171,78,88.4197998046875,NVDA,0
2024-03-19 00:00:00-04:00,86.66550954911943,90.5079822576864,84.97618698079455,89.36244201660156,672171000,2024-02-21 16:22:00-05:00,26.0,3,1,1,2024,0,0,2.1329093154825824,0.0106609855936825,2376.086548492558,79,89.36244201660156,NVDA,0
2024-03-20 00:00:00-04:00,89.76126851749964,90.37403120538988,88.18789728423222,90.33604431152344,479063000,2024-02-21 16:22:00-05:00,27.0,3,2,1,2024,0,0,2.1624522180804773,0.0108949830930202,2401.9739712659375,80,90.33604431152344,NVDA,0
2024-03-21 00:00:00-04:00,92.26327425898415,92.61113535282396,90.36902406254626,91.39861297607422,480372000,2024-02-21 16:22:00-05:00,28.0,3,3,1,2024,0,0,1.974628001116295,0.0117623997447411,2430.2269492924306,81,91.39861297607422,NVDA,0
2024-03-22 00:00:00-04:00,91.10473756876756,94.74029159257356,90.79786050463842,94.2514877319336,586719000,2024-02-21 16:22:00-05:00,29.0,3,4,1,2024,0,0,2.454589197995995,0.0312135454025563,2506.082948512686,82,94.2514877319336,NVDA,0
2024-03-25 00:00:00-04:00,93.90362043919336,96.72749325113482,93.47279218881876,94.96419525146484,552136000,2024-02-21 16:22:00-05:00,32.0,3,0,1,2024,0,0,2.494376633739249,0.0075617641342522,2525.03335667021,83,94.96419525146484,NVDA,0
2024-03-26 00:00:00-04:00,95.81285394972517,96.33664749790948,92.46518766291072,92.52416229248048,513648000,2024-02-21 16:22:00-05:00,33.0,3,1,1,2024,0,0,2.5358890044691473,-0.0256942414193389,2460.154540012042,84,92.52416229248048,NVDA,0
2024-03-27 00:00:00-04:00,93.074941256308,93.20288866545508,89.08753045086448,90.21408081054688,586067000,2024-02-21 16:22:00-05:00,34.0,3,2,1,2024,0,0,2.541948756484521,-0.0249673320427493,2398.731044735084,85,90.21408081054688,NVDA,0
2024-03-28 00:00:00-04:00,89.96418433554203,91.26367004870988,89.15750627580795,90.3200454711914,435212000,2024-02-21 16:22:00-05:00,35.0,3,3,1,2024,0,0,2.3532301276911043,0.0011745911468861,2401.548572983991,86,90.3200454711914,NVDA,0
2024-04-01 00:00:00-04:00,90.26307172974768,92.18830020895638,89.16850623304367,90.32704162597656,452441000,2024-02-21 16:22:00-05:00,39.0,4,0,2,2024,0,1,2.098496040108874,7.745960211447134e-05,2401.734595980913,87,90.32704162597656,NVDA,0
2024-04-02 00:00:00-04:00,88.41279885088287,90.05814752237067,87.58513306363145,89.4164047241211,433064000,2024-02-21 16:22:00-05:00,40.0,4,1,2,2024,0,0,1.9709570468458557,-0.0100815534912147,2377.5213801798304,88,89.4164047241211,NVDA,0
2024-04-03 00:00:00-04:00,88.44879935629429,90.3380468429318,88.36483314028192,88.92860412597656,370067000,2024-02-21 16:22:00-05:00,41.0,4,2,2,2024,0,0,2.022719495753279,-0.0054553814778122,2364.5510940792947,89,88.92860412597656,NVDA,0
2024-04-04 00:00:00-04:00,90.3700196658157,90.59793338323315,85.8458198862947,85.87081146240234,434965000,2024-02-21 16:22:00-05:00,42.0,4,3,2,2024,0,0,2.647649405236761,-0.0343848044577708,2283.24646707897,90,85.87081146240234,NVDA,0
2024-04-05 00:00:00-04:00,86.83142527427668,88.44578800690704,85.8918045734179,87.97297668457031,399678000,2024-02-21 16:22:00-05:00,43.0,4,4,2,2024,0,0,2.7828494497334098,0.0244805561560155,2339.1416104343207,91,87.97297668457031,NVDA,0
2024-04-08 00:00:00-04:00,88.66469774661466,88.79465089246293,86.69748624318682,87.09832763671875,283220000,2024-02-21 16:22:00-05:00,46.0,4,0,2,2024,0,0,2.6199766746798967,-0.009942246821858,2315.885287192104,92,87.09832763671875,NVDA,0
2024-04-09 00:00:00-04:00,87.40719655433202,87.60012052713442,82.98895768982644,85.32002258300781,503547000,2024-02-21 16:22:00-05:00,47.0,4,1,2,2024,0,0,2.2404844846944116,-0.0204172123846984,2268.6013654249045,93,85.32002258300781,NVDA,0
2024-04-10 00:00:00-04:00,83.89260387924026,87.36522041356919,83.67568736757892,87.00436401367188,431929000,2024-02-21 16:22:00-05:00,48.0,4,2,2,2024,0,0,1.8701675034323328,0.0197414555185491,2313.38685836976,94,87.00436401367188,NVDA,0
2024-04-11 00:00:00-04:00,87.38521335302488,90.7028929518332,86.89141424964939,90.57994079589844,431637000,2024-02-21 16:22:00-05:00,49.0,4,3,2,2024,0,0,1.91593791563804,0.0410965222579489,2408.459012885999,95,90.57994079589844,NVDA,0
2024-04-12 00:00:00-04:00,89.66330791705667,90.13912407740511,87.49517220347197,88.15090942382812,426805000,2024-02-21 16:22:00-05:00,50.0,4,4,2,2024,0,0,1.777590314091411,-0.0268164380626345,2343.872720940548,96,88.15090942382812,NVDA,0
2024-04-15 00:00:00-04:00,89.0625495126302,90.57694611860552,85.89481166661739,85.96678161621094,443077000,2024-02-21 16:22:00-05:00,53.0,4,0,2,2024,0,0,1.6944310007697991,-0.0247771443527138,2285.798248189416,97,85.96678161621094,NVDA,0
2024-04-16 00:00:00-04:00,86.39860698604153,88.08293408447673,86.02975814283229,87.38021850585938,370453000,2024-02-21 16:22:00-05:00,54.0,4,1,2,2024,0,0,1.5741006133803142,0.0164416634317958,2323.380573659135,98,87.38021850585938,NVDA,0
2024-04-17 00:00:00-04:00,88.30483561683317,88.73966766585035,83.9165835166389,84.00155639648438,495400000,2024-02-21 16:22:00-05:00,55.0,4,2,2,2024,0,0,1.8059874914244085,-0.038666212641119,2233.5442463517857,99,84.00155639648438,NVDA,0
2024-04-18 00:00:00-04:00,84.93619083803762,86.15570660849322,82.36921187685391,84.6373062133789,447260000,2024-02-21 16:22:00-05:00,56.0,4,3,2,2024,0,0,1.924925802942252,0.0075683099714702,2250.44840154317,100,84.6373062133789,NVDA,0
2024-04-19 00:00:00-04:00,83.11692530020838,84.2904542682202,75.57592750797775,76.16968536376953,875198000,2024-02-21 16:22:00-05:00,57.0,4,4,2,2024,0,0,3.819676362200804,-0.1000459635171006,2025.3001228652645,101,76.16968536376953,NVDA,0
2024-04-22 00:00:00-04:00,78.07291978914027,80.041138120895,76.36960303384217,79.48635864257812,596341000,2024-02-21 16:22:00-05:00,60.0,4,0,2,2024,0,0,4.2310670623972255,0.0435432188405255,2113.48820933293,102,79.48635864257812,NVDA,0
2024-04-23 00:00:00-04:00,80.73686408123375,82.73606840189474,80.23206773575617,82.39020538330078,438559000,2024-02-21 16:22:00-05:00,61.0,4,1,2,2024,0,0,4.297339755133095,0.0365326427114396,2190.6995189593304,103,82.39020538330078,NVDA,0
2024-04-24 00:00:00-04:00,83.91659676863443,84.04854803404984,79.15149506612265,79.64530181884766,512208000,2024-02-21 16:22:00-05:00,62.0,4,2,2,2024,0,0,4.4623635602150005,-0.033315896612748,2117.7144002760847,104,79.64530181884766,NVDA,0
2024-04-25 00:00:00-04:00,78.83661137961147,83.2898403812615,78.19187140737442,82.59912109375,424641000,2024-02-21 16:22:00-05:00,63.0,4,3,2,2024,0,0,3.7855135870871344,0.0370871753568184,2196.2544455947836,105,82.59912109375,NVDA,0
2024-04-26 00:00:00-04:00,83.78464736334433,88.29585200771425,83.35381911384516,87.70008850097656,551011000,2024-02-21 16:22:00-05:00,64.0,4,4,2,2024,0,0,3.7200388038191177,0.0617557104686012,2331.8856992523138,106,87.70008850097656,NVDA,0
2024-04-29 00:00:00-04:00,87.56014594501862,87.95698351937455,85.23207030725735,87.72208404541016,388971000,2024-02-21 16:22:00-05:00,67.0,4,0,2,2024,0,0,3.91215457519851,0.0002508041304125,2332.470545817336,107,87.72208404541016,NVDA,0
2024-04-30 00:00:00-04:00,87.20528638548105,88.78366050463956,86.26566558321609,86.36762237548828,363709000,2024-02-21 16:22:00-05:00,68.0,4,1,2,2024,1,0,3.8027381991377234,-0.0154403726799368,2296.456331324941,108,86.36762237548828,NVDA,0
2024-05-01 00:00:00-04:00,85.04314260728708,85.96577177323404,81.22265755025684,83.00794982910156,559863000,2024-02-21 16:22:00-05:00,69.0,5,2,2,2024,0,1,3.788704396747911,-0.0388996762210304,2207.1249235806654,109,83.00794982910156,NVDA,0
2024-05-02 00:00:00-04:00,84.41539269757547,86.20268321187375,83.16688916320159,85.78285217285156,377898000,2024-02-21 16:22:00-05:00,70.0,5,3,2,2024,0,0,3.861255342778592,0.0334293564587853,2280.9076894001128,110,85.78285217285156,NVDA,0
2024-05-03 00:00:00-04:00,87.75406766785412,89.24547072408387,87.00536516764065,88.75366973876953,398341000,2024-02-21 16:22:00-05:00,71.0,5,4,2,2024,0,0,3.3764984968267857,0.0346318348092671,2359.8997077146046,111,88.75366973876953,NVDA,0
2024-05-06 00:00:00-04:00,89.35443427647793,92.1833101500868,89.0195684762701,92.10334014892578,376203000,2024-02-21 16:22:00-05:00,74.0,5,0,2,2024,0,0,3.70075136165878,0.0377412046174023,2448.9651654600098,112,92.10334014892578,NVDA,0
2024-05-07 00:00:00-04:00,91.06174947211588,91.7444763476329,88.97558195332661,90.5179672241211,437342000,2024-02-21 16:22:00-05:00,75.0,5,1,2,2024,0,0,3.8067220179786023,-0.0172129797056352,2406.811177767139,113,90.5179672241211,NVDA,0
2024-05-08 00:00:00-04:00,89.44739118815833,91.15770881690996,89.38441272091335,90.3760223388672,325721000,2024-02-21 16:22:00-05:00,76.0,5,2,2,2024,0,0,3.1386292170841763,-0.0015681404433492,2403.036959819777,114,90.3760223388672,NVDA,0
2024-05-09 00:00:00-04:00,90.49298150601264,91.03576473617252,88.19589926476827,88.7116928100586,378013000,2024-02-21 16:22:00-05:00,77.0,5,3,2,2024,0,0,2.6343219929596295,-0.0184156094253423,2358.783569733074,115,88.7116928100586,NVDA,0
2024-05-10 00:00:00-04:00,90.26905611419772,91.3646205433242,89.19148226311106,89.84222412109375,335325000,2024-02-21 16:22:00-05:00,78.0,5,4,2,2024,0,0,2.684417300355735,0.012743881614972,2388.8436283010933,116,89.84222412109375,NVDA,0
2024-05-13 00:00:00-04:00,90.44200043253208,90.9617978228875,88.49377833765243,90.363037109375,289680000,2024-02-21 16:22:00-05:00,81.0,5,0,2,2024,0,0,2.7483651402305393,0.0057969734540328,2402.6916914001904,117,90.363037109375,NVDA,0
2024-05-14 00:00:00-04:00,89.56334413783526,91.61452952051091,88.89860785173266,91.31964874267578,296507000,2024-02-21 16:22:00-05:00,82.0,5,1,2,2024,0,0,2.751045814913289,0.010586315643009,2428.1273440381883,118,91.31964874267578,NVDA,0
2024-05-15 00:00:00-04:00,92.4352076766302,94.8242561414362,91.56255392471044,94.59234619140624,417735000,2024-02-21 16:22:00-05:00,83.0,5,2,2,2024,0,0,2.3156629914137183,0.0358378234453398,2515.1461430966306,119,94.59234619140624,NVDA,0
2024-05-16 00:00:00-04:00,94.87223250076391,95.78086733108051,94.06554682786754,94.32144927978516,323952000,2024-02-21 16:22:00-05:00,84.0,5,3,2,2024,0,0,2.050080739987028,-0.0028638354214508,2507.943178481905,120,94.32144927978516,NVDA,0
2024-05-17 00:00:00-04:00,94.33144692377932,94.70229384560606,91.76946339148994,92.44219207763672,359691000,2024-02-21 16:22:00-05:00,85.0,5,4,2,2024,0,0,1.9100294614295903,-0.0199239644481501,2457.9750077558506,121,92.44219207763672,NVDA,0
2024-05-20 00:00:00-04:00,93.71270527643716,95.1621254008356,93.40283103809143,94.74229431152344,318764000,2024-02-21 16:22:00-05:00,88.0,5,0,2,2024,0,0,2.173128683952882,0.024881519814621,2519.133161615171,122,94.74229431152344,NVDA,0
2024-05-21 00:00:00-04:00,93.56175387420164,95.362039717195,93.14292188496432,95.3480453491211,328946000,2024-02-21 16:22:00-05:00,89.0,5,1,2,2024,0,0,2.4004482532810565,0.0063936707676286,2535.239669670354,123,95.3480453491211,NVDA,0
2024-05-22 00:00:00-04:00,95.42102400934888,95.98179784206016,93.21190410961069,94.91222381591795,548648000,2024-02-21 16:22:00-05:00,90.0,5,2,2,2024,0,0,2.444436621180561,-0.0045708491622177,2523.6514715502203,124,94.91222381591795,NVDA,0
2024-05-23 00:00:00-04:00,101.98740658439804,106.2776987680094,101.4796054658602,103.75770568847656,835065000,2024-05-22 16:22:00-04:00,0.0,5,3,2,2024,0,0,3.926034304691488,0.093196445272575,2758.846817805604,125,103.75770568847656,NVDA,0
2024-05-24 00:00:00-04:00,104.40743526760016,106.43263006008718,102.95901435352869,106.4266357421875,429494000,2024-05-22 16:22:00-04:00,1.0,5,4,2,2024,0,0,5.195190684205425,0.0257227165539315,2829.811852515734,126,106.4266357421875,NVDA,0
2024-05-28 00:00:00-04:00,110.200139728129,114.8932713899434,109.83928330076252,113.85568237304688,652728000,2024-05-22 16:22:00-04:00,5.0,5,1,2,2024,0,0,7.326563786863698,0.069804392284426,3027.3451491598603,127,113.85568237304688,NVDA,0
2024-05-29 00:00:00-04:00,113.00501693328442,115.44603890128045,110.85687001297052,114.77930450439452,557442000,2024-05-22 16:22:00-04:00,6.0,5,2,2,2024,0,0,8.543532105164935,0.0081122181352479,3051.9036333805298,128,114.77930450439452,NVDA,0
2024-05-30 00:00:00-04:00,114.60437411424488,115.7729076045519,109.61935928526935,110.45602416992188,487350000,2024-05-22 16:22:00-04:00,7.0,5,3,2,2024,0,0,8.790269362855506,-0.0376660265815352,2936.9505500013347,129,110.45602416992188,NVDA,0
2024-05-31 00:00:00-04:00,112.47522298026992,112.6721508136538,106.89744915530945,109.5893783569336,613263000,2024-05-22 16:22:00-04:00,8.0,5,4,2,2024,1,0,8.612436688761884,-0.0078460710450256,2913.907027330297,130,109.5893783569336,NVDA,0
2024-06-03 00:00:00-04:00,113.57579736127924,114.9542465209961,111.958437249151,114.9542465209961,438392000,2024-05-22 16:22:00-04:00,11.0,6,0,2,2024,0,0,8.299371686218564,0.0489542713399566,3056.5552226056307,131,114.9542465209961,NVDA,0
2024-06-04 00:00:00-04:00,115.66996458903934,116.55360793846174,113.99962416702796,116.3906707763672,403324000,2024-05-22 16:22:00-04:00,12.0,6,1,2,2024,0,0,7.883762218589996,0.0124956171593777,3094.748766493807,132,116.3906707763672,NVDA,0
2024-06-05 00:00:00-04:00,118.32389264410774,122.40026497481516,117.42125214406587,122.39127349853516,528402000,2024-05-22 16:22:00-04:00,13.0,6,2,2,2024,0,0,7.679300618359515,0.0515557018628882,3254.300711239703,133,122.39127349853516,NVDA,0
2024-06-06 00:00:00-04:00,123.99863371799574,125.53702276322566,118.27291625132057,120.9498519897461,664696000,2024-05-22 16:22:00-04:00,14.0,6,3,2,2024,0,0,5.926236248871596,-0.0117771591681845,3215.974293782297,134,120.9498519897461,NVDA,0
2024-06-07 00:00:00-04:00,119.7223381827468,121.64357808503144,117.9750402689876,120.83989715576172,412386000,2024-05-22 16:22:00-04:00,15.0,6,4,2,2024,0,0,5.279050235156226,-0.0009090944071076,3213.050669538418,135,120.83989715576172,NVDA,0
2024-06-10 00:00:00-04:00,120.3221058692936,123.05101529403817,116.9634422493321,121.74153900146484,314162700,2024-05-22 16:22:00-04:00,18.0,6,0,2,2024,0,0,4.68292085819726,0.0074614582346168,3237.0247129148865,136,121.74153900146484,NVDA,0
2024-06-11 00:00:00-04:00,121.73153992527472,122.8311986310285,118.7024980632085,120.87181854248048,222551200,2024-05-22 16:22:00-04:00,19.0,6,1,2,2024,0,0,4.752022027863778,-0.0071439910002608,3213.8994374982008,137,120.87181854248048,NVDA,0
2024-06-12 00:00:00-04:00,123.02113030388604,126.8399234904698,122.53128720098238,125.16045379638672,299595000,2024-05-22 16:22:00-04:00,20.0,6,2,2,2024,0,0,5.248980399599571,0.0354808532346107,3327.931331750872,138,125.16045379638672,NVDA,0
2024-06-13 00:00:00-04:00,129.34912954939512,129.75900370548197,127.11983820063014,129.56906127929688,260704500,2024-05-22 16:22:00-04:00,21.0,6,3,2,2024,0,0,5.533531483874462,0.0352236457218519,3445.1532059671163,139,129.56906127929688,NVDA,0
2024-06-14 00:00:00-04:00,129.91897171973997,132.79805198433587,128.27949016143847,131.83836364746094,309320400,2024-05-22 16:22:00-04:00,22.0,6,4,2,2024,0,0,5.237740836582783,0.0175142302163662,3505.4924123470764,140,131.83836364746094,NVDA,0
2024-06-17 00:00:00-04:00,132.94801960039305,133.68777621457593,129.53909250074847,130.9386444091797,288504400,2024-05-22 16:22:00-04:00,25.0,6,0,2,2024,0,0,5.126875920671714,-0.0068244114489096,3481.569489794189,141,130.9386444091797,NVDA,0
2024-06-18 00:00:00-04:00,131.0985853802292,136.28694881895896,130.64873054101508,135.5371856689453,294335100,2024-05-22 16:22:00-04:00,26.0,6,1,2,2024,0,0,5.502134154411813,0.0351198172282531,3603.841573943223,142,135.5371856689453,NVDA,0
2024-06-20 00:00:00-04:00,139.75584863250057,140.71553688397165,129.47909668701024,130.7386932373047,517768400,2024-05-22 16:22:00-04:00,28.0,6,3,2,2024,0,0,5.529677458115201,-0.0354035123863433,3476.2529241417055,143,130.7386932373047,NVDA,0
2024-06-21 00:00:00-04:00,127.07985099689417,130.58874447418714,124.2607420188684,126.53002166748048,655484700,2024-05-22 16:22:00-04:00,29.0,6,4,2,2024,0,0,5.139431316100058,-0.0321914764910876,3364.347209857123,144,126.53002166748048,NVDA,0
2024-06-24 00:00:00-04:00,123.20106969779988,124.42068555327398,118.00271528727072,118.07269287109376,476060900,2024-05-22 16:22:00-04:00,32.0,6,0,2,2024,0,0,5.585617166009003,-0.0668404911730157,3139.472589873708,145,118.07269287109376,NVDA,0
2024-06-25 00:00:00-04:00,121.16171601176532,126.46004506116948,119.2823125541992,126.0501708984375,425787500,2024-05-22 16:22:00-04:00,33.0,6,1,2,2024,0,0,5.28442147579236,0.0675641237051583,3351.588304304889,146,126.0501708984375,NVDA,0
2024-06-26 00:00:00-04:00,126.09017314140296,128.0795426859815,122.56128891907002,126.36009216308594,362975900,2024-05-22 16:22:00-04:00,34.0,6,2,2,2024,0,0,4.776602492499733,0.0024587135617464,3359.828899922074,147,126.36009216308594,NVDA,0
2024-06-27 00:00:00-04:00,124.0608096849582,126.37008541035672,122.88118200495356,123.95084381103516,252571700,2024-05-22 16:22:00-04:00,35.0,6,3,2,2024,0,0,4.873079447802089,-0.0190665289238733,3295.768625022444,148,123.95084381103516,NVDA,0
2024-06-28 00:00:00-04:00,124.5406566516343,127.66966538119844,122.71123277650612,123.50098419189452,315516700,2024-05-22 16:22:00-04:00,36.0,6,4,2,2024,0,0,5.025672397199202,-0.0036293389000758,3283.8071637460007,149,123.50098419189452,NVDA,0
2024-07-01 00:00:00-04:00,123.43101009570316,124.80057257621507,118.79247599150392,124.26074981689452,284885500,2024-05-22 16:22:00-04:00,39.0,7,0,3,2024,0,1,4.841938273593637,0.0061518993550648,3304.0088149188073,150,124.26074981689452,NVDA,0
2024-07-02 00:00:00-04:00,121.09174155643306,123.37102788557134,120.99177466417784,122.63125610351562,218374000,2024-05-22 16:22:00-04:00,40.0,7,1,3,2024,0,0,4.724940459653616,-0.0131135029828812,3260.6816854689037,151,122.63125610351562,NVDA,0
2024-07-03 00:00:00-04:00,121.62158223669928,128.23948669433594,121.32167392885506,128.23948669433594,215749000,2024-05-22 16:22:00-04:00,41.0,7,2,3,2024,0,0,3.4351472188805556,0.045732472854117,3409.800722135527,152,128.23948669433594,NVDA,0
2024-07-05 00:00:00-04:00,127.33976619453144,128.8093107644133,125.64030616479144,125.7902603149414,214176700,2024-05-22 16:22:00-04:00,43.0,7,4,3,2024,0,0,2.8240411694792003,-0.0190988473404635,3344.6774586820584,153,125.7902603149414,NVDA,0
2024-07-08 00:00:00-04:00,127.44972531770834,130.72869561210538,126.99987051805138,128.1595001220703,237677300,2024-05-22 16:22:00-04:00,46.0,7,0,3,2024,0,0,2.993629015680483,0.0188348430251836,3407.6739335862053,154,128.1595001220703,NVDA,0
2024-07-09 00:00:00-04:00,130.30884272059,133.77774814549483,128.60936736242857,131.33851623535156,285366600,2024-05-22 16:22:00-04:00,47.0,7,1,3,2024,0,0,2.649198504716867,0.0248051538142179,3492.2018096575125,155,131.33851623535156,NVDA,0
2024-07-10 00:00:00-04:00,133.98767413246904,135.0573435645553,132.37818193596397,134.86740112304688,248978600,2024-05-22 16:22:00-04:00,48.0,7,2,3,2024,0,0,3.85171187928101,0.0268686215502216,3586.0324584581995,156,134.86740112304688,NVDA,0
2024-07-11 00:00:00-04:00,135.70713347781276,136.10700106603016,127.00988377533272,127.35977172851562,374782700,2024-05-22 16:22:00-04:00,49.0,7,3,3,2024,0,0,3.848828125990677,-0.0556667462412331,3386.4096995803816,157,127.35977172851562,NVDA,0
2024-07-12 00:00:00-04:00,128.21948675833656,131.87833449876962,127.17982192837307,129.19918823242188,252680500,2024-05-22 16:22:00-04:00,50.0,7,4,3,2024,0,0,3.741689889264052,0.0144426805964068,3435.3185332399953,158,129.19918823242188,NVDA,0
2024-07-15 00:00:00-04:00,130.5187702604364,131.34850999947517,127.13984031827108,128.39944458007812,208326200,2024-05-22 16:22:00-04:00,53.0,7,0,3,2024,0,0,3.465376448383345,-0.0061900052414033,3414.0538935133495,159,128.39944458007812,NVDA,0
2024-07-16 00:00:00-04:00,128.39943613379464,128.99923747826654,124.54065466054338,126.3200912475586,214769500,2024-05-22 16:22:00-04:00,54.0,7,1,3,2024,0,0,3.272687879314415,-0.0161944106481138,3358.7653027870024,160,126.3200912475586,NVDA,0
2024-07-17 00:00:00-04:00,121.31166755583294,121.81150962044453,116.6831327832442,117.95272827148438,390086200,2024-05-22 16:22:00-04:00,55.0,7,2,3,2024,0,0,4.326744896318581,-0.0662393677319002,3136.282812770547,161,117.95272827148438,NVDA,0
2024-07-18 00:00:00-04:00,121.81151227341788,122.36134160725938,116.52318219941294,121.05175018310548,320979500,2024-05-22 16:22:00-04:00,56.0,7,3,3,2024,0,0,4.808889683230013,0.0262734228960628,3218.683697432121,162,121.05175018310548,NVDA,0
2024-07-19 00:00:00-04:00,120.3119952300562,121.56160051418016,117.33294050381654,117.89276123046876,217223800,2024-05-22 16:22:00-04:00,57.0,7,4,3,2024,0,0,5.618055312063215,-0.0260961857045302,3134.688329939788,163,117.89276123046876,NVDA,0
2024-07-22 00:00:00-04:00,120.31198922533628,124.03081558560176,119.82214611396348,123.50098419189452,258068900,2024-05-22 16:22:00-04:00,60.0,7,0,3,2024,0,0,5.63562056006182,0.0475705454931389,3283.8071637460007,164,123.50098419189452,NVDA,0
2024-07-23 00:00:00-04:00,122.74122723235222,124.65062775227732,122.06144165810996,122.55128479003906,173911000,2024-05-22 16:22:00-04:00,61.0,7,1,3,2024,0,0,5.351979462726107,-0.0076898124178494,3258.5553026404036,165,122.55128479003906,NVDA,0
2024-07-24 00:00:00-04:00,119.13235710085016,119.91210950952006,113.404171251323,114.2139129638672,327776900,2024-05-22 16:22:00-04:00,62.0,7,2,3,2024,0,0,5.059358356381349,-0.068031696611389,3036.8702568997387,166,114.2139129638672,NVDA,0
2024-07-25 00:00:00-04:00,113.00429945804284,116.59316196631045,106.2664302898256,112.24453735351562,460067000,2024-05-22 16:22:00-04:00,63.0,7,3,3,2024,0,0,5.768584867119465,-0.0172428696228506,2984.5058989985037,167,112.24453735351562,NVDA,0
2024-07-26 00:00:00-04:00,116.15330054509556,116.16329189488404,111.54475613373565,113.02428436279295,293399100,2024-05-22 16:22:00-04:00,64.0,7,4,3,2024,0,0,5.5824476784914845,0.0069468593097008,3005.2388415878186,168,113.02428436279295,NVDA,0
2024-07-29 00:00:00-04:00,113.654099085151,116.24327750097969,111.26485445843416,111.55475616455078,248152100,2024-05-22 16:22:00-04:00,67.0,7,0,3,2024,0,0,5.199093315022636,-0.0130018801404235,2966.1650863761483,169,111.55475616455078,NVDA,0
2024-07-30 00:00:00-04:00,111.48477574142504,111.95462852357666,102.50761612898444,103.6972427368164,486833300,2024-05-22 16:22:00-04:00,68.0,7,1,3,2024,0,0,6.04455875347503,-0.0704363820771928,2757.239149048128,170,103.6972427368164,NVDA,0
2024-07-31 00:00:00-04:00,112.86434589914217,118.30262267375932,110.84497957634794,116.98303985595705,473174200,2024-05-22 16:22:00-04:00,69.0,7,2,3,2024,1,0,6.013321250161333,0.1281210258681611,3110.49945738803,171,116.98303985595705,NVDA,0
2024-08-01 00:00:00-04:00,117.49288673851925,120.12206115379604,106.77627053548454,109.1755142211914,523462300,2024-05-22 16:22:00-04:00,70.0,8,3,3,2024,0,1,6.005418604201935,-0.0667406629574607,2902.902661473131,172,109.1755142211914,NVDA,0
2024-08-02 00:00:00-04:00,103.72722865674588,108.68566108330708,101.33798416873924,107.23611450195312,482027500,2024-05-22 16:22:00-04:00,71.0,8,4,3,2024,0,0,6.272848612617582,-0.0177640539004838,2851.3353421268644,173,107.23611450195312,NVDA,0
2024-08-05 00:00:00-04:00,92.03092417423306,103.37734584261187,90.66136171396138,100.41827392578124,552842400,2024-05-22 16:22:00-04:00,74.0,8,0,3,2024,0,0,6.396097237284189,-0.0635778404303123,2670.0535987318126,174,100.41827392578124,NVDA,0
2024-08-06 00:00:00-04:00,103.80719737509352,107.67597774031395,100.51824326819028,104.21707153320312,409012100,2024-05-22 16:22:00-04:00,75.0,8,1,3,2024,0,0,5.282905935851953,0.0378297441183816,2771.0610431542013,175,104.21707153320312,NVDA,0
2024-08-07 00:00:00-04:00,107.7759522927054,108.76564515252367,98.65883717427216,98.87876892089844,411440400,2024-05-22 16:22:00-04:00,76.0,8,2,3,2024,0,0,5.8821687480172855,-0.0512229189879311,2629.1192078301015,176,98.87876892089844,NVDA,0
2024-08-08 00:00:00-04:00,101.96778821260376,105.4666829061735,97.48919964896103,104.93685150146484,391910000,2024-05-22 16:22:00-04:00,77.0,8,3,3,2024,0,0,5.712257841533256,0.0612677791873883,2790.1995029127575,177,104.93685150146484,NVDA,0
2024-08-09 00:00:00-04:00,105.60663726461743,106.5663331721716,103.3973361190524,104.7169189453125,290844200,2024-05-22 16:22:00-04:00,78.0,8,4,3,2024,0,0,5.3321956583651104,-0.0020958562507402,2784.3516458437653,178,104.7169189453125,NVDA,0
2024-08-12 00:00:00-04:00,106.28642096921708,111.03492079100891,106.22644235947172,108.98556518554688,325559900,2024-05-22 16:22:00-04:00,81.0,8,0,3,2024,0,0,5.101431066500917,0.0407636729883509,2897.852045819517,179,108.98556518554688,NVDA,0
2024-08-13 00:00:00-04:00,112.4044889345572,116.19329280080892,111.5447599502898,116.1033172607422,312646700,2024-05-22 16:22:00-04:00,82.0,8,1,3,2024,0,0,5.939295424033199,0.0653091266084404,3087.1082319724724,180,116.1033172607422,NVDA,0
2024-08-14 00:00:00-04:00,118.49257183753042,118.56254942930454,114.0339810389578,118.04271697998048,339246400,2024-05-22 16:22:00-04:00,83.0,8,2,3,2024,0,0,6.1399900056038605,0.0167040853353295,3138.6755513187386,181,118.04271697998048,NVDA,0
2024-08-15 00:00:00-04:00,118.722501320516,123.20108240094191,117.43290774825016,122.82120513916016,318086700,2024-05-22 16:22:00-04:00,84.0,8,3,3,2024,0,0,7.880027321886536,0.0404810079048765,3265.7323011225153,182,122.82120513916016,NVDA,0
2024-08-16 00:00:00-04:00,121.901483949244,124.96051491369624,121.14172188301303,124.5406494140625,302589900,2024-05-22 16:22:00-04:00,85.0,8,4,3,2024,0,0,9.30900422824102,0.0139995717592427,3311.451154818557,183,124.5406494140625,NVDA,0
2024-08-19 00:00:00-04:00,124.24075866737762,129.95895385742188,123.38102959323888,129.95895385742188,318333600,2024-05-22 16:22:00-04:00,88.0,8,0,3,2024,0,0,10.422046809916852,0.0435063127489006,3455.520184412801,184,129.95895385742188,NVDA,0
2024-08-20 00:00:00-04:00,128.3594390228903,129.8389825507969,125.85023729264928,127.20980834960938,300087400,2024-05-22 16:22:00-04:00,89.0,8,1,3,2024,0,0,10.72255736907495,-0.0211539522765672,3382.4222753410177,185,127.20980834960938,NVDA,0
2024-08-21 00:00:00-04:00,127.2797991528714,129.30916459896468,126.62001151002669,128.4594268798828,257883600,2024-05-22 16:22:00-04:00,90.0,8,2,3,2024,0,0,9.614056189078068,0.0098232875788879,3415.648782064929,186,128.4594268798828,NVDA,0
2024-08-22 00:00:00-04:00,129.97895127037188,130.70871650633163,123.0611304205258,123.700927734375,376189100,2024-05-22 16:22:00-04:00,91.0,8,3,3,2024,0,0,8.411911530835964,-0.0370428178070364,3289.123526538072,187,123.700927734375,NVDA,0
2024-08-23 00:00:00-04:00,125.8202462463596,129.5590704147264,125.18044900805845,129.32913208007812,323230300,2024-05-22 16:22:00-04:00,92.0,8,4,3,2024,0,0,6.727893494805305,0.0454984812869687,3438.773651760793,188,129.32913208007812,NVDA,0
2024-08-26 00:00:00-04:00,129.52908520948145,131.21853864319473,124.33072295006605,126.42005920410156,331964700,2024-05-22 16:22:00-04:00,95.0,8,0,3,2024,0,0,4.657552382118698,-0.0224935621942883,3361.423382752832,189,126.42005920410156,NVDA,0
2024-08-27 00:00:00-04:00,125.01051718872198,129.15920068067538,123.84088083210608,128.25949096679688,303134600,2024-05-22 16:22:00-04:00,96.0,8,1,3,2024,0,0,3.654996064899213,0.0145501574218187,3410.332622133268,190,128.25949096679688,NVDA,0
2024-08-28 00:00:00-04:00,128.07953728703234,128.28947768481862,122.60127203673996,125.5703353881836,448101100,2024-05-22 16:22:00-04:00,97.0,8,2,3,2024,0,0,2.434112014085918,-0.0209665230880219,3338.8298044734765,191,125.5703353881836,NVDA,0
2024-08-29 00:00:00-04:00,121.32167786502488,124.39070812333074,116.67314470453282,117.55286407470705,453023300,2024-08-28 16:20:00-04:00,0.0,8,3,3,2024,0,0,3.627126603936716,-0.0638484502624895,3125.6506957676343,192,117.55286407470705,NVDA,0
2024-08-30 00:00:00-04:00,119.49225141445028,121.71155156264533,117.18298334905096,119.33230590820312,333751600,2024-08-28 16:20:00-04:00,1.0,8,4,3,2024,0,0,4.2040135332371245,0.015137375405547,3172.9648437360784,193,119.33230590820312,NVDA,0
2024-09-03 00:00:00-04:00,115.9733612117378,116.17329499238284,107.25611414068058,107.96588897705078,477155100,2024-08-28 16:20:00-04:00,5.0,9,1,3,2024,0,0,6.681203292210317,-0.0952501239680728,2870.73954902388,194,107.96588897705078,NVDA,0
2024-09-04 00:00:00-04:00,105.3767174649852,113.23422843032066,104.08712390381962,106.17646026611328,372470300,2024-08-28 16:20:00-04:00,6.0,9,2,3,2024,0,0,8.424840775742052,-0.0165740191452308,2823.159856777387,195,106.17646026611328,NVDA,0
2024-09-05 00:00:00-04:00,104.9568397355808,109.61537166703076,104.7269166457022,107.17613983154295,306850700,2024-08-28 16:20:00-04:00,7.0,9,3,3,2024,0,0,9.072163883795026,0.0094152655204755,2849.740656435694,196,107.17613983154295,NVDA,0
2024-09-06 00:00:00-04:00,108.00587703132368,108.11584289854254,100.91811240569284,102.79752349853516,413638100,2024-08-28 16:20:00-04:00,8.0,9,4,3,2024,0,0,10.239716721298814,-0.0408543948297636,2733.31622649524,197,102.79752349853516,NVDA,0
2024-09-09 00:00:00-04:00,104.8468766277334,106.51635504584456,103.65725761066608,106.4363784790039,273912000,2024-08-28 16:20:00-04:00,11.0,9,0,3,2024,0,0,9.738226212321033,0.035398274750467,2830.0709052606285,198,106.4363784790039,NVDA,0
2024-09-10 00:00:00-04:00,107.77594760990868,109.36544940156335,104.91685028196343,108.06585693359376,268283700,2024-08-28 16:20:00-04:00,12.0,9,1,3,2024,0,0,8.999909548980186,0.0153094127954689,2873.39762898971,199,108.06585693359376,NVDA,0
2024-09-11 00:00:00-04:00,109.35544832921772,117.15298773367408,107.38606933752642,116.87307739257812,441422400,2024-08-28 16:20:00-04:00,13.0,9,2,3,2024,0,0,7.428552860017444,0.0814986408185927,3107.5756302837385,200,116.87307739257812,NVDA,0
2024-09-12 00:00:00-04:00,116.81309067491064,120.76218565399152,115.35342779588602,119.11256408691406,367100500,2024-08-28 16:20:00-04:00,14.0,9,3,3,2024,0,0,6.291644222290137,0.0191616986931342,3167.1220581773623,201,119.11256408691406,NVDA,0
2024-09-13 00:00:00-04:00,119.05257113465082,119.9323656761346,117.57290870417116,119.07256317138672,238358300,2024-08-28 16:20:00-04:00,15.0,9,4,3,2024,0,0,6.479075712195124,-0.0003358244853007,3166.05846104229,202,119.07256317138672,NVDA,0
2024-09-16 00:00:00-04:00,116.7630973663348,118.15277655804964,114.33365683196332,116.75309753417967,248772300,2024-08-28 16:20:00-04:00,18.0,9,0,3,2024,0,0,6.16768838123644,-0.0194794298151499,3104.385447459755,203,116.75309753417967,NVDA,0
2024-09-17 00:00:00-04:00,118.14278506866847,118.77264486908852,114.80355789094266,115.5633773803711,231925900,2024-08-28 16:20:00-04:00,19.0,9,1,3,2024,0,0,6.214294629107448,-0.0101900521608028,3072.751597822903,204,115.5633773803711,NVDA,0
2024-09-18 00:00:00-04:00,115.86330347677422,117.67288409225483,113.19392035691745,113.34388732910156,310318900,2024-08-28 16:20:00-04:00,20.0,9,2,3,2024,0,0,5.898592563866348,-0.0192058254230852,3013.73686706661,205,113.34388732910156,NVDA,0
2024-09-19 00:00:00-04:00,117.32296524929194,119.63243829505257,117.22298981122768,117.84284973144533,293506400,2024-08-28 16:20:00-04:00,21.0,9,3,3,2024,0,0,5.788401934075016,0.0396930307258716,3133.3612171307773,206,117.84284973144533,NVDA,0
2024-09-20 00:00:00-04:00,117.03303527099015,118.59268114487098,115.36342175070251,115.97328186035156,382462400,2024-08-28 16:20:00-04:00,22.0,9,4,3,2024,0,0,4.390584666865834,-0.0158649241371398,3083.6506791267416,207,115.97328186035156,NVDA,0
2024-09-23 00:00:00-04:00,116.52316472695202,116.96305822001592,114.83355144756428,116.23323059082033,206228500,2024-08-28 16:20:00-04:00,25.0,9,0,3,2024,0,0,3.231262561818146,0.0022414536029236,3090.562539051628,208,116.23323059082033,NVDA,0
2024-09-24 00:00:00-04:00,116.4931589075561,121.77194918665968,115.35342209088208,120.8421630859375,354966800,2024-08-28 16:20:00-04:00,26.0,9,1,3,2024,0,0,2.137548397025048,0.039652451125119,3213.1109190804964,209,120.8421630859375,NVDA,0
2024-09-25 00:00:00-04:00,121.99189738474502,124.91123075234002,121.58199576757475,123.48155975341795,284692900,2024-08-28 16:20:00-04:00,27.0,9,2,3,2024,0,0,2.9177858575049327,0.021841686709989,3283.290681139498,210,123.48155975341795,NVDA,0
2024-09-26 00:00:00-04:00,126.77080301373226,127.64059778478496,121.77195443476236,124.01143646240234,302582900,2024-08-28 16:20:00-04:00,28.0,9,3,3,2024,0,0,3.5097695150967936,0.0042911403941001,3297.379742406908,211,124.01143646240234,NVDA,0
2024-09-27 00:00:00-04:00,123.94145533963832,124.00143908292873,119.23254080039722,121.3720474243164,271009200,2024-08-28 16:20:00-04:00,29.0,9,4,3,2024,0,0,3.638134194020214,-0.0212834325073408,3227.2001832083174,212,121.3720474243164,NVDA,0
2024-09-30 00:00:00-04:00,118.28274908289887,121.47201682135707,118.12278989954672,121.41203308105467,226553700,2024-08-28 16:20:00-04:00,32.0,9,0,3,2024,1,0,3.681687310144555,0.0003294469986032,3228.2633746225674,213,121.41203308105467,NVDA,0
2024-10-01 00:00:00-04:00,121.74195101301775,122.41180249801876,115.76333257670387,116.97305297851562,302094500,2024-08-28 16:20:00-04:00,33.0,10,1,4,2024,0,1,3.560140824760756,-0.0365612863065689,3110.233913109981,214,116.97305297851562,NVDA,0
2024-10-02 00:00:00-04:00,116.41318325903728,119.3525009132392,115.11347963203208,118.82262420654295,221845900,2024-08-28 16:20:00-04:00,34.0,10,2,4,2024,0,0,2.9341256695919107,0.0158119428443666,3159.412753976687,215,118.82262420654295,NVDA,0
2024-10-03 00:00:00-04:00,120.89215281287986,124.3313630934004,120.31228454416184,122.82170867919922,277118000,2024-08-28 16:20:00-04:00,35.0,10,3,4,2024,0,0,3.00618926568882,0.0336559177964699,3265.745689909645,216,122.82170867919922,NVDA,0
2024-10-04 00:00:00-04:00,124.91122738742536,125.01120283080024,121.80194304435166,124.89122772216795,243678100,2024-08-28 16:20:00-04:00,36.0,10,4,4,2024,0,0,2.936844088643141,0.0168497822186644,3320.7727935661646,217,124.89122772216795,NVDA,0
2024-10-07 00:00:00-04:00,124.96121521204212,130.60991565760295,124.92122350791122,127.69058990478516,346250200,2024-08-28 16:20:00-04:00,39.0,10,0,4,2024,0,0,3.065346156201932,0.0224144019854191,3395.2059298634,218,127.69058990478516,NVDA,0
2024-10-08 00:00:00-04:00,130.22999115642648,133.4492507002601,129.39018829854146,132.85939025878906,285722500,2024-08-28 16:20:00-04:00,40.0,10,1,4,2024,0,0,4.486266291399124,0.0404791015364414,3532.6408154354685,219,132.85939025878906,NVDA,0
2024-10-09 00:00:00-04:00,134.07911628828677,134.48902553025528,131.34974925411063,132.61944580078125,246191600,2024-08-28 16:20:00-04:00,41.0,10,2,4,2024,0,0,5.345478215503051,-0.0018060030046836,3526.260855508324,220,132.61944580078125,NVDA,0
2024-10-10 00:00:00-04:00,131.8796349307713,134.96891988009384,130.9698407725355,134.77896118164062,242311300,2024-08-28 16:20:00-04:00,42.0,10,3,4,2024,0,0,6.274098691720313,0.0162835500315945,3583.680900573447,221,134.77896118164062,NVDA,0
2024-10-11 00:00:00-04:00,133.97914002159231,135.74873676795113,133.6292297588208,134.7689666748047,170209500,2024-08-28 16:20:00-04:00,43.0,10,4,4,2024,0,0,6.726715150363332,-7.41547994458358e-05,3583.415153434987,222,134.7689666748047,NVDA,0
2024-10-14 00:00:00-04:00,136.43858548845338,139.5678698363904,136.26862645350758,138.03822326660156,232347700,2024-08-28 16:20:00-04:00,46.0,10,0,4,2024,0,0,7.288243650905413,0.0242582300099216,3670.342462448052,223,138.03822326660156,NVDA,0
2024-10-15 00:00:00-04:00,137.8382473516489,138.53809836462625,128.7103601195905,131.5697021484375,377831000,2024-08-28 16:20:00-04:00,47.0,10,1,4,2024,0,0,6.105197027466937,-0.0468603620438595,3498.348885832785,224,131.5697021484375,NVDA,0
2024-10-16 00:00:00-04:00,133.94913130666296,136.58852253050404,131.5496902869071,135.68873596191406,264879700,2024-08-28 16:20:00-04:00,48.0,10,2,4,2024,0,0,4.924822973016764,0.0313068567171297,3607.8711931480825,225,135.68873596191406,NVDA,0
2024-10-17 00:00:00-04:00,139.30791683746315,140.8575630403271,136.83848427190068,136.89846801757812,306435900,2024-08-28 16:20:00-04:00,49.0,10,3,4,2024,0,0,4.085931263885199,0.0089154935897082,3640.037145643087,226,136.89846801757812,NVDA,0
2024-10-18 00:00:00-04:00,138.63805979784692,138.86800255294065,137.24838055182667,137.9682159423828,176090200,2024-08-28 16:20:00-04:00,50.0,10,4,4,2024,0,0,3.2075796048943683,0.0078141701678307,3668.481015316367,227,137.9682159423828,NVDA,0
2024-10-21 00:00:00-04:00,138.09819363983328,143.67691040039062,137.96821869705386,143.67691040039062,264554500,2024-08-28 16:20:00-04:00,53.0,10,0,4,2024,0,0,3.5223798953902574,0.041376881037527,3820.271317875539,228,143.67691040039062,NVDA,0
2024-10-22 00:00:00-04:00,142.8771096409394,144.3867565878425,141.74736485471627,143.55694580078125,226311600,2024-08-28 16:20:00-04:00,54.0,10,1,4,2024,0,0,4.080967968187047,-0.0008349608804578,3817.0815407723776,229,143.55694580078125,NVDA,0
2024-10-23 00:00:00-04:00,141.99729502838238,142.3971968224879,137.42835524686083,139.52786254882812,285930000,2024-08-28 16:20:00-04:00,55.0,10,2,4,2024,0,0,3.843009916949748,-0.028066097599655,3709.950957703218,230,139.52786254882812,NVDA,0
2024-10-24 00:00:00-04:00,140.78757953525755,141.31745626734755,138.4281223817854,140.37767028808594,172354900,2024-08-28 16:20:00-04:00,56.0,10,3,4,2024,0,0,3.786108174551041,0.0060905952670236,3732.546767447095,231,140.37767028808594,NVDA,0
2024-10-25 00:00:00-04:00,140.89754036873228,144.096815700832,140.76758067774944,141.5074005126953,205122100,2024-08-28 16:20:00-04:00,57.0,10,4,4,2024,0,0,3.704969108322105,0.0080477915204812,3762.585525671955,232,141.5074005126953,NVDA,0
2024-10-28 00:00:00-04:00,142.96706492770917,143.10703207337144,140.0177474085771,140.48764038085938,173586700,2024-08-28 16:20:00-04:00,60.0,10,0,4,2024,0,0,3.7239786822762584,-0.0072064084856428,3735.470797411797,233,140.48764038085938,NVDA,0
2024-10-29 00:00:00-04:00,140.25768265006158,142.22723015349655,138.86800339560858,141.21746826171875,157593600,2024-08-28 16:20:00-04:00,61.0,10,1,4,2024,0,0,2.6411630990299564,0.0051949614847315,3754.87642433169,234,141.21746826171875,NVDA,0
2024-10-30 00:00:00-04:00,139.50785799453917,140.29768460484607,136.778490969974,139.3079071044922,179418100,2024-08-28 16:20:00-04:00,62.0,10,2,4,2024,0,0,2.1783553869613232,-0.0135221313675413,3704.102492052993,235,139.3079071044922,NVDA,0
2024-10-31 00:00:00-04:00,137.5683285053032,137.57832071125284,132.07958689426476,132.72943115234375,270039600,2024-08-28 16:20:00-04:00,63.0,10,3,4,2024,1,0,3.126675439512712,-0.0472225596441847,3529.185291193847,236,132.72943115234375,NVDA,0
2024-11-01 00:00:00-04:00,134.66898440540822,137.27838410441936,134.5390247094388,135.3688201904297,207127800,2024-08-28 16:20:00-04:00,64.0,11,4,4,2024,0,1,3.4126353441110595,0.0198854844413256,3599.364850392438,237,135.3688201904297,NVDA,0
2024-11-04 00:00:00-05:00,137.17841332242185,138.9280103748792,135.53879155204424,136.0186767578125,187528200,2024-08-28 16:20:00-04:00,67.0,11,0,4,2024,0,0,3.297259217539299,0.0048006370039173,3616.644094483831,238,136.0186767578125,NVDA,0
2024-11-05 00:00:00-05:00,137.41833701827767,140.33766260126754,137.29836954050154,139.87777709960938,160537400,2024-08-28 16:20:00-04:00,68.0,11,1,4,2024,0,0,2.916844330417872,0.0283718415278233,3719.254947595065,239,139.87777709960938,NVDA,0
2024-11-06 00:00:00-05:00,142.92706329600915,146.4562486294515,141.92729373400795,145.57644653320312,242043900,2024-08-28 16:20:00-04:00,69.0,11,2,4,2024,0,0,3.654742665540984,0.0407403488370825,3870.7786915741326,240,145.57644653320312,NVDA,0
2024-11-07 00:00:00-05:00,146.35630133300918,148.8957099286715,146.1363507552026,148.84573364257812,207323300,2024-08-28 16:20:00-04:00,70.0,11,3,4,2024,0,0,4.759809148387826,0.0224575278984389,3957.706812028842,241,148.84573364257812,NVDA,0
2024-11-08 00:00:00-05:00,148.73572979209249,149.73549940640058,146.226298296804,147.5959930419922,175665800,2024-08-28 16:20:00-04:00,71.0,11,4,4,2024,0,0,5.317480989923818,-0.0083962137845813,3924.4770595383534,242,147.5959930419922,NVDA,0
2024-11-11 00:00:00-05:00,148.64575792845778,148.81573220925225,143.5369491915439,145.22654724121094,182325600,2024-08-28 16:20:00-04:00,74.0,11,0,4,2024,0,0,5.50408640307368,-0.0160535916453173,3861.4751074031087,243,145.22654724121094,NVDA,0
2024-11-12 00:00:00-05:00,146.74618223717314,149.61551613817602,145.97635536546252,148.25582885742188,198634700,2024-08-28 16:20:00-04:00,75.0,11,1,4,2024,0,0,5.942468164445718,0.0208590073492522,3942.021645047385,244,148.25582885742188,NVDA,0
2024-11-13 00:00:00-05:00,149.0356554225473,149.29559001588424,145.86637249715557,146.23629760742188,191903300,2024-08-28 16:20:00-04:00,76.0,11,2,4,2024,0,0,6.012703010803641,-0.0136219349051172,3888.3236828039862,245,146.23629760742188,NVDA,0
2024-11-14 00:00:00-05:00,147.6059831601179,148.96567042657134,145.51646835701078,146.72618103027344,194463300,2024-08-28 16:20:00-04:00,77.0,11,3,4,2024,0,0,5.012553095578455,0.0033499441032531,3901.349349796735,246,146.72618103027344,NVDA,0
2024-11-15 00:00:00-05:00,144.83662993296312,145.20655509140138,140.0477398359917,141.94729614257812,250132900,2024-08-28 16:20:00-04:00,78.0,11,4,4,2024,0,0,4.107951127712349,-0.0325700897695231,3774.282051251585,247,141.94729614257812,NVDA,0
2024-11-18 00:00:00-05:00,139.46786214720512,141.51739292157006,137.11839743544738,140.11770629882812,221866000,2024-08-28 16:20:00-04:00,81.0,11,0,4,2024,0,0,3.272741082684614,-0.0128892194037446,3725.634501801387,248,140.11770629882812,NVDA,0
2024-11-19 00:00:00-05:00,141.28745858569204,147.0961179891657,140.9575327604593,146.97613525390625,227834900,2024-08-28 16:20:00-04:00,82.0,11,1,4,2024,0,0,2.7578306412426934,0.0489476250806675,3907.9954625831615,249,146.97613525390625,NVDA,0
2024-11-20 00:00:00-05:00,147.3760537371625,147.52601308862685,142.69712365290204,145.8563995361328,309871700,2024-08-28 16:20:00-04:00,83.0,11,2,4,2024,0,0,2.757289290062662,-0.0076184866055911,3878.2224514967606,250,145.8563995361328,NVDA,0
2024-11-21 00:00:00-05:00,149.3156213875326,152.85479966423284,140.6676037159947,146.63623046875,400946600,2024-11-20 16:20:00-05:00,0.0,11,3,4,2024,0,0,2.566082130518628,0.0053465664523275,3898.9576255505967,251,146.63623046875,NVDA,0
2024-11-22 00:00:00-05:00,145.89637625946256,147.1261039006014,141.06750232234785,141.91729736328125,236406200,2024-11-20 16:20:00-05:00,1.0,11,4,4,2024,0,0,2.6901760306300457,-0.0321812221330554,3773.484404115383,252,141.91729736328125,NVDA,0
2024-11-25 00:00:00-05:00,141.95730426900835,142.01728800977313,135.78872709087477,135.98867797851562,344941900,2024-11-20 16:20:00-05:00,4.0,11,0,4,2024,0,0,3.909531172467625,-0.0417751711378034,3615.84644734763,253,135.98867797851562,NVDA,0
2024-11-26 00:00:00-05:00,137.66829270199315,139.2679304177918,135.6387613125482,136.8884735107422,190287700,2024-11-20 16:20:00-05:00,5.0,11,1,4,2024,0,0,4.1978303621001265,0.0066166944601719,3639.771398504628,254,136.8884735107422,NVDA,0
2024-11-27 00:00:00-05:00,134.97889681216265,137.1883944813901,131.7696447344509,135.30882263183594,226370900,2024-11-20 16:20:00-05:00,6.0,11,2,4,2024,0,0,4.640228105024683,-0.0115396924108609,3597.7695561200353,255,135.30882263183594,NVDA,0
2024-11-29 00:00:00-05:00,136.74850738939793,139.3179230108574,136.018679731608,138.21817016601562,141863200,2024-11-20 16:20:00-05:00,8.0,11,4,4,2024,0,0,4.418736981897689,0.0215015360978771,3675.127128102794,256,138.21817016601562,NVDA,0
2024-12-02 00:00:00-05:00,138.79801911159885,140.41764102523763,137.7882572804853,138.5980682373047,171682800,2024-11-20 16:20:00-05:00,11.0,12,0,4,2024,0,0,4.464431215666782,0.0027485392899699,3685.228359410019,257,138.5980682373047,NVDA,0
2024-12-03 00:00:00-05:00,138.22816730557096,140.50764123326277,137.91824110785586,140.2277069091797,164414000,2024-11-20 16:20:00-05:00,12.0,12,1,4,2024,0,0,4.463107636552415,0.0117580186549552,3728.559343207732,258,140.2277069091797,NVDA,0
2024-12-04 00:00:00-05:00,141.9673061992379,145.75642688476938,140.25769319395386,145.10658264160156,231224300,2024-11-20 16:20:00-05:00,13.0,12,2,4,2024,0,0,4.200647486913222,0.0347925231037382,3858.2853302999465,259,145.10658264160156,NVDA,0
2024-12-05 00:00:00-05:00,145.08658555940238,146.51634749056768,143.9267690762933,145.03659057617188,172621200,2024-11-20 16:20:00-05:00,14.0,12,3,4,2024,0,0,4.09050129083594,-0.0004823493473246,3856.424288889085,260,145.03659057617188,NVDA,0
2024-12-06 00:00:00-05:00,144.57666240527564,145.67647567148725,141.2871849873485,142.41700744628906,188505600,2024-11-20 16:20:00-05:00,15.0,12,4,4,2024,0,0,3.557862196311827,-0.0180615327447802,3786.771355317548,261,142.41700744628906,NVDA,0
2024-12-09 00:00:00-05:00,138.9475602220375,139.92739769900004,137.10786100838232,138.78758239746094,189308600,2024-11-20 16:20:00-05:00,18.0,12,0,4,2024,0,0,3.504865092495933,-0.0254844917324703,3690.2674120202023,262,138.78758239746094,NVDA,0
2024-12-10 00:00:00-05:00,138.9875536517665,141.79711283924593,133.76839511357173,135.04820251464844,210020900,2024-11-20 16:20:00-05:00,19.0,12,1,4,2024,0,0,3.6248239388181576,-0.0269431876989083,3590.8398444789773,263,135.04820251464844,NVDA,0
2024-12-11 00:00:00-05:00,137.3378239802647,140.14736786765778,135.1881771980721,139.28750610351562,184905200,2024-11-20 16:20:00-05:00,20.0,12,2,4,2024,0,0,3.5055186415046395,0.0313910404576274,3703.5600433138775,264,139.28750610351562,NVDA,0
2024-12-12 00:00:00-05:00,137.05787278188586,138.41765384511186,135.77808063488797,137.3178253173828,159211400,2024-11-20 16:20:00-05:00,21.0,12,3,4,2024,0,0,3.268881820995176,-0.014141116035698,3651.187570996201,265,137.3178253173828,NVDA,0
2024-12-13 00:00:00-05:00,138.91757801094644,139.5774751507731,132.51860179476702,134.22833251953125,231514900,2024-11-20 16:20:00-05:00,22.0,12,4,4,2024,0,0,3.723077350704743,-0.0224988474053591,3569.0400589880137,266,134.22833251953125,NVDA,0
2024-12-16 00:00:00-05:00,134.1583241029487,134.3782897959075,130.39893679330513,131.9786834716797,237951100,2024-11-20 16:20:00-05:00,25.0,12,0,4,2024,0,0,4.441271921054739,-0.0167598673515833,3509.2234210268875,267,131.9786834716797,NVDA,0
2024-12-17 00:00:00-05:00,129.06916425760008,131.56876081657285,126.8395283987678,130.36895751953125,259410300,2024-11-20 16:20:00-05:00,26.0,12,1,4,2024,0,0,5.160535877475721,-0.0121968632343105,3466.4219029019832,268,130.36895751953125,NVDA,0
2024-12-18 00:00:00-05:00,133.83838842708505,136.6779262372523,128.25928750759206,128.88919067382812,277444500,2024-11-20 16:20:00-05:00,27.0,12,2,4,2024,0,0,5.21229327245276,-0.0113506073367306,3427.0759090187003,269,128.88919067382812,NVDA,0
2024-12-19 00:00:00-05:00,131.73871719708123,134.00835489709178,129.52908262326224,130.6588897705078,209719200,2024-11-20 16:20:00-05:00,28.0,12,3,4,2024,0,0,4.476719251334573,0.0137303918771447,3474.131004242249,270,130.6588897705078,NVDA,0
2024-12-20 00:00:00-05:00,129.78904314606552,135.2581613788304,128.19930347129645,134.67825317382812,306528600,2024-11-20 16:20:00-05:00,29.0,12,4,4,2024,0,0,3.6193383650879136,0.030762265088736,3581.003143147746,271,134.67825317382812,NVDA,0
2024-12-23 00:00:00-05:00,136.25799367167244,139.7674214203078,135.098177315152,139.64744567871094,176053500,2024-11-20 16:20:00-05:00,32.0,12,0,4,2024,0,0,3.7502802557298622,0.0368967698034301,3713.130591785828,272,139.64744567871094,NVDA,0
2024-12-24 00:00:00-05:00,139.97740671974344,141.8770939941236,138.6276184809867,140.19737243652344,105157000,2024-11-20 16:20:00-05:00,33.0,12,1,4,2024,0,0,4.2041339882243705,0.0039379650314386,3727.7527702134457,273,140.19737243652344,NVDA,0
2024-12-26 00:00:00-05:00,139.67745105895742,140.8272746166671,137.70776777261636,139.90740966796875,116205600,2024-11-20 16:20:00-05:00,35.0,12,3,4,2024,0,0,4.282715373302884,-0.0020682468117294,3720.042857431536,274,139.90740966796875,NVDA,0
2024-12-27 00:00:00-05:00,138.52764454755555,138.99756992182031,134.68826788900355,136.98788452148438,170582600,2024-11-20 16:20:00-05:00,36.0,12,4,4,2024,0,0,4.262275660602067,-0.0208675520003769,3642.414669660453,275,136.98788452148438,NVDA,0
2024-12-30 00:00:00-05:00,134.80822982362736,140.24735382720857,133.9983630613892,137.46780395507812,167734700,2024-11-20 16:20:00-05:00,39.0,12,0,4,2024,0,0,4.34025555844925,0.0035033713767473,3655.1754009563856,276,137.46780395507812,NVDA,0
2024-12-31 00:00:00-05:00,138.0077278547889,138.0477299443946,133.80840856948805,134.26832580566406,155659200,2024-11-20 16:20:00-05:00,40.0,12,1,4,2024,1,0,4.217227394700834,-0.0232743817633079,3570.1034532626745,277,134.26832580566406,NVDA,0
2025-01-02 00:00:00-05:00,135.97804923146714,138.85758927368732,134.608275235204,138.2876739501953,198247200,2024-11-20 16:20:00-05:00,42.0,1,3,1,2025,0,0,3.919923193052993,0.0299351922384787,3676.9751864473496,278,138.2876739501953,NVDA,0
2025-01-03 00:00:00-05:00,139.9873988596089,144.87660907201655,139.70744526818353,144.44668579101562,229322500,2024-11-20 16:20:00-05:00,43.0,1,4,1,2025,0,0,3.826665881725523,0.0445376776171568,3840.739121907627,279,144.44668579101562,NVDA,0
2025-01-06 00:00:00-05:00,148.5660078023331,152.13543878056797,147.79614309655065,149.40586853027344,265377400,2024-11-20 16:20:00-05:00,46.0,1,0,1,2025,0,0,4.543508597316769,0.034332270845125,3972.600417686427,280,149.40586853027344,NVDA,0
2025-01-07 00:00:00-05:00,153.00528861210353,153.1052785673635,139.9873867148958,140.11737060546875,351782200,2024-11-20 16:20:00-05:00,47.0,1,1,1,2025,0,0,4.211678609313561,-0.0621695654673872,3725.625575943301,281,140.11737060546875,NVDA,0
2025-01-08 00:00:00-05:00,142.55698965149892,143.92676365371082,137.53779559953318,140.08738708496094,227349900,2024-11-20 16:20:00-05:00,48.0,1,2,1,2025,0,0,4.209031929859336,-0.0002139886038272,3724.828334527922,282,140.08738708496094,NVDA,0
2025-01-10 00:00:00-05:00,137.42782161536184,139.89742434133598,134.1983469953677,135.88807678222656,207602500,2024-11-20 16:20:00-05:00,50.0,1,4,1,2025,0,0,4.415466967635727,-0.0299763625413868,3613.171529967683,283,135.88807678222656,NVDA,0
2025-01-13 00:00:00-05:00,129.96902870412282,133.46846390099537,129.4890951782822,133.20849609375,204808900,2024-11-20 16:20:00-05:00,53.0,1,0,1,2025,0,0,4.863636481104636,-0.0197190272460094,3541.9233021237446,284,133.20849609375,NVDA,0
2025-01-14 00:00:00-05:00,136.02803973976037,136.357988296776,130.02900835327767,131.7387237548828,195590500,2024-11-20 16:20:00-05:00,54.0,1,1,1,2025,0,0,5.364395145585894,-0.0110336230943767,3502.8430553789212,285,131.7387237548828,NVDA,0
2025-01-15 00:00:00-05:00,133.6284239860889,136.42797514246556,131.26880425867054,136.218017578125,185217300,2024-11-20 16:20:00-05:00,55.0,1,2,1,2025,0,0,5.405301334608565,0.0340013452048959,3621.944431303432,286,136.218017578125,NVDA,0
2025-01-16 00:00:00-05:00,138.61762033023757,138.72760318445663,133.46845773799356,133.54844665527344,209235600,2024-11-20 16:20:00-05:00,56.0,1,3,1,2025,0,0,5.470349983410656,-0.0195977813384377,3550.9623563187756,287,133.54844665527344,NVDA,0
2025-01-17 00:00:00-05:00,136.6679350563591,138.47764040694682,135.43813790068955,137.68777465820312,201188800,2024-11-20 16:20:00-05:00,57.0,1,4,1,2025,0,0,5.473723607506185,0.0309949543150769,3661.024272327434,288,137.68777465820312,NVDA,0
2025-01-21 00:00:00-05:00,139.1375376709131,141.80710479535009,137.06786452867982,140.80726623535156,197749000,2024-11-20 16:20:00-05:00,61.0,1,1,1,2025,0,0,5.124662940701486,0.0226562712985396,3743.969431471823,289,140.80726623535156,NVDA,0
2025-01-22 00:00:00-05:00,144.63666506104835,147.76614971080585,143.64681928959496,147.04627990722656,237651400,2024-11-20 16:20:00-05:00,62.0,1,2,1,2025,0,0,4.557461794048772,0.0443088900074719,3909.860561202245,290,147.04627990722656,NVDA,0
2025-01-23 00:00:00-05:00,145.02659530516527,147.20623618008435,143.6968081059284,147.1962432861328,155915500,2024-11-20 16:20:00-05:00,63.0,1,3,1,2025,0,0,5.448560936759732,0.001019837965305,3913.847985441608,291,147.1962432861328,NVDA,0
2025-01-24 00:00:00-05:00,148.34604128656673,148.9459505211395,141.8570988390214,142.5969696044922,234657600,2024-11-20 16:20:00-05:00,64.0,1,4,1,2025,0,0,5.593712417319976,-0.0312458632025014,3791.5564266931137,292,142.5969696044922,NVDA,0
2025-01-27 00:00:00-05:00,124.77985371820252,128.3792633336458,116.68115538488551,118.40087890625,818830900,2024-11-20 16:20:00-05:00,67.0,1,0,1,2025,0,0,8.507862494268739,-0.1696816612958368,3148.1988333149193,293,118.40087890625,NVDA,0
2025-01-28 00:00:00-05:00,121.79034308969104,128.97918539907013,116.2312426561388,128.9691925048828,579666400,2024-11-20 16:20:00-05:00,68.0,1,1,1,2025,0,0,8.809463129377585,0.0892587428088336,3429.203103288846,294,128.9691925048828,NVDA,0
2025-01-29 00:00:00-05:00,126.47958193260648,126.86951837337097,120.03062606319732,123.6800308227539,467120600,2024-11-20 16:20:00-05:00,69.0,1,2,1,2025,0,0,9.61696281305862,-0.041011047517636,3288.567891872242,295,123.6800308227539,NVDA,0
2025-01-30 00:00:00-05:00,123.08012993376066,124.979824796297,118.0809369419088,124.6298828125,392925500,2024-11-20 16:20:00-05:00,70.0,1,3,1,2025,0,0,10.215766660609352,0.0076799139151844,3313.82381018606,296,124.6298828125,NVDA,0
2025-01-31 00:00:00-05:00,123.7600213429819,127.82936416140842,119.17076580619349,120.05062103271484,390372900,2024-11-20 16:20:00-05:00,71.0,1,4,1,2025,1,0,11.193932691476403,-0.0367428876321295,3192.0643542957187,297,120.05062103271484,NVDA,0
2025-02-03 00:00:00-05:00,114.73147893578256,118.55086206886682,112.99176191394916,116.64117431640624,371235700,2024-11-20 16:20:00-05:00,74.0,2,0,1,2025,0,0,12.17265005397449,-0.0284000756262601,3101.4094852298313,298,116.64117431640624,NVDA,0
2025-02-04 00:00:00-05:00,116.94112206589324,121.18043560579926,116.6811618932845,118.63085174560548,256550000,2024-11-20 16:20:00-05:00,75.0,2,1,1,2025,0,0,12.207815953568652,0.0170581052605141,3154.313654684838,299,118.63085174560548,NVDA,0
2025-02-05 00:00:00-05:00,121.74034844426232,124.97982332906604,120.7405098576298,124.80985260009766,262230800,2024-11-20 16:20:00-05:00,76.0,2,2,1,2025,0,0,10.403650500472036,0.0520859520400525,3318.6090844220357,300,124.80985260009766,NVDA,0
2025-02-06 00:00:00-05:00,127.39941919373813,128.74920726442895,125.18977703531333,128.65921020507812,251483600,2024-11-20 16:20:00-05:00,77.0,2,3,1,2025,0,0,7.588987665159916,0.0308417767090405,3420.9608847883737,301,128.65921020507812,NVDA,0
2025-02-07 00:00:00-05:00,129.19913575663247,130.34894396083934,124.97981594966576,129.81903076171875,228186300,2024-11-20 16:20:00-05:00,78.0,2,4,1,2025,0,0,4.808389255965887,0.0090146718201666,3451.799724474368,302,129.81903076171875,NVDA,0
2025-02-10 00:00:00-05:00,130.0689974070653,134.97820850379568,129.93902876577076,133.54844665527344,216989100,2024-11-20 16:20:00-05:00,81.0,2,0,1,2025,0,0,5.39814355531538,0.0287278057128617,3550.962356318777,303,133.54844665527344,NVDA,0
2025-02-11 00:00:00-05:00,132.5586139818797,134.45830137072844,130.99886808260132,132.77857971191406,178902400,2024-11-20 16:20:00-05:00,82.0,2,1,1,2025,0,0,5.830839526387915,-0.0057647015943705,3530.4921179617563,304,132.77857971191406,NVDA,0
2025-02-12 00:00:00-05:00,129.9990210816885,132.21866402899062,129.0591703419428,131.11883544921875,160278600,2024-11-20 16:20:00-05:00,83.0,2,2,1,2025,0,0,6.067405459147465,-0.0125000904987567,3486.360646982087,305,131.11883544921875,NVDA,0
2025-02-13 00:00:00-05:00,131.5387642395835,136.477969382041,131.1488277944593,135.26815795898438,197430000,2024-11-20 16:20:00-05:00,84.0,2,3,1,2025,0,0,6.688001845812107,0.0316455106968411,3596.6883101292046,306,135.26815795898438,NVDA,0
2025-02-14 00:00:00-05:00,136.45796316750187,139.22752026611062,135.4781256449407,138.8275909423828,195479600,2024-11-20 16:20:00-05:00,85.0,2,4,1,2025,0,0,7.101876906879001,0.0263139014909756,3691.331212015688,307,138.8275909423828,NVDA,0
2025-02-18 00:00:00-05:00,141.2472111010542,143.41685915221993,137.90773839766058,139.37750244140625,219176600,2024-11-20 16:20:00-05:00,89.0,2,1,1,2025,0,0,6.295723667510308,0.0039611110103585,3705.952984722484,308,139.37750244140625,NVDA,0
2025-02-19 00:00:00-05:00,139.48747310974449,141.33718056281413,137.1978495021305,139.20751953125,167536000,2024-11-20 16:20:00-05:00,90.0,2,2,1,2025,0,0,4.9111358022562515,-0.0012195864266379,3701.4332547645577,309,139.20751953125,NVDA,0
2025-02-20 00:00:00-05:00,140.0073981660712,140.637301367124,136.7679156045049,140.08738708496094,143903600,2024-11-20 16:20:00-05:00,91.0,2,3,1,2025,0,0,4.300540139843232,0.0063205461649895,3724.8283345279247,310,140.08738708496094,NVDA,0
2025-02-21 00:00:00-05:00,140.0173897923713,141.4371740194045,134.00836534323213,134.40829467773438,228217600,2024-11-20 16:20:00-05:00,92.0,2,4,1,2025,0,0,3.7237193604653194,-0.040539641186842,3573.82513036358,311,134.40829467773438,NVDA,0
2025-02-24 00:00:00-05:00,136.53795738344377,138.56762852998253,130.0590074983429,130.25897216796875,251381100,2024-11-20 16:20:00-05:00,95.0,2,0,1,2025,0,0,3.651780910423953,-0.0308710300931522,3463.497467216462,312,130.25897216796875,NVDA,0
2025-02-25 00:00:00-05:00,129.95902369285497,130.17898941676333,124.41992427451078,126.60956573486328,271428700,2024-11-20 16:20:00-05:00,96.0,2,1,1,2025,0,0,4.5979613946749875,-0.028016545596564,3366.462232502608,313,126.60956573486328,NVDA,0
2025-02-26 00:00:00-05:00,129.96903440656757,133.70842127410083,128.4692763992483,131.25881958007812,322553800,2024-11-20 16:20:00-05:00,97.0,2,2,1,2025,0,0,4.696057290463404,0.0367211894159007,3490.0827298038125,314,131.25881958007812,NVDA,0
2025-02-27 00:00:00-05:00,134.97821765027223,134.98821054448712,119.9906384337315,120.130615234375,443175800,2025-02-26 16:20:00-05:00,0.0,2,3,1,2025,0,0,6.536868955832935,-0.0847806218378648,3194.1913457054525,315,120.130615234375,NVDA,0
2025-02-28 00:00:00-05:00,118.00094594624424,125.06980440717122,116.38121232741896,124.89983367919922,389091100,2025-02-26 16:20:00-05:00,1.0,2,4,1,2025,1,0,7.036121229777767,0.0397002748676469,3321.001620109818,316,124.89983367919922,NVDA,0
2025-03-03 00:00:00-05:00,123.490067139586,123.68003128569312,112.26187634904674,114.04158782958984,411381400,2025-02-26 16:20:00-05:00,4.0,3,0,1,2025,0,0,8.72500029681832,-0.0869356309752853,3032.288248795626,317,114.04158782958984,NVDA,0
2025-03-04 00:00:00-05:00,110.63214094760744,119.29073912641502,110.09222719636828,115.97127532958984,398163300,2025-02-26 16:20:00-05:00,5.0,3,1,1,2025,0,0,9.070858687722389,0.0169209104917364,3083.597326838641,318,115.97127532958984,NVDA,0
2025-03-05 00:00:00-05:00,117.56102047262804,118.26090441787,114.49151637878758,117.28106689453124,284337900,2025-02-26 16:20:00-05:00,6.0,3,2,1,2025,0,0,8.615395855974834,0.0112941033132469,3118.423793624409,319,117.28106689453124,NVDA,0
2025-03-06 00:00:00-05:00,113.51167590423404,115.33138186500224,110.2022125539762,110.55215454101562,321181900,2025-02-26 16:20:00-05:00,7.0,3,3,1,2025,0,0,8.104374912430309,-0.0573742423367176,2939.506591180416,320,110.55215454101562,NVDA,0
2025-03-07 00:00:00-05:00,111.232043943795,113.46168737204891,107.54263707893918,112.67181396484376,341755500,2025-02-26 16:20:00-05:00,8.0,3,4,1,2025,0,0,7.456974564432936,0.0191733886384071,2995.8668934582774,321,112.67181396484376,NVDA,0
2025-03-10 00:00:00-04:00,109.88225711490554,111.83193921740828,105.44297155454524,106.96273040771484,366487400,2025-02-26 16:20:00-05:00,11.0,3,0,1,2025,0,0,7.659682685725795,-0.0506700243497479,2844.0662450181426,322,106.96273040771484,NVDA,0
2025-03-11 00:00:00-04:00,106.97272832797886,112.2218809117277,104.75308544348756,108.74244689941406,354865700,2025-02-26 16:20:00-05:00,12.0,3,1,1,2025,0,0,7.5206892867897635,0.0166386598856946,2891.3876959613845,323,108.74244689941406,NVDA,0
2025-03-12 00:00:00-04:00,114.1120814413496,116.75189758318456,112.87216201952944,115.73196411132812,323857500,2025-02-26 16:20:00-05:00,13.0,3,2,1,2025,0,0,5.374638095057466,0.0642758868427828,3077.234204325613,324,115.73196411132812,NVDA,0
2025-03-13 00:00:00-04:00,117.02187196535417,117.75182462929008,113.7820990939805,115.5719757080078,299033100,2025-02-26 16:20:00-05:00,14.0,3,3,1,2025,0,0,5.0459887487380355,-0.0013824046325388,3072.9802215061463,325,115.5719757080078,NVDA,0
2025-03-14 00:00:00-04:00,118.6017672807591,121.87153693655638,118.1418001271865,121.66155242919922,277593500,2025-02-26 16:20:00-05:00,15.0,3,4,1,2025,0,0,4.340688003281317,0.0526907728615517,3234.8979243655676,326,121.66155242919922,NVDA,0
2025-03-17 00:00:00-04:00,122.731474163583,122.88146527258024,118.02180216580396,119.52169799804688,255501500,2025-02-26 16:20:00-05:00,18.0,3,0,1,2025,0,0,4.689796925113521,-0.0175885839727191,3178.000650579689,327,119.52169799804688,NVDA,0
2025-03-18 00:00:00-04:00,117.99180297800854,119.01172876569431,114.53204424682896,115.42198181152344,299686900,2025-02-26 16:20:00-05:00,19.0,3,1,1,2025,0,0,4.673406861564066,-0.0343010202765896,3068.99198582514,328,115.42198181152344,NVDA,0
2025-03-19 00:00:00-04:00,117.26185055700964,120.44162996547794,115.6719646672078,117.51183319091795,273426200,2025-02-26 16:20:00-05:00,20.0,3,2,1,2025,0,0,4.68968974686155,0.0181061817393424,3124.5597124770757,329,117.51183319091795,NVDA,0
2025-03-20 00:00:00-04:00,116.54190844924116,120.19164884723556,116.46191217445424,118.52176666259766,248829700,2025-02-26 16:20:00-05:00,21.0,3,3,1,2025,0,0,4.6333593485427285,0.0085943129662429,3151.4131565278176,330,118.52176666259766,NVDA,0
2025-03-21 00:00:00-04:00,116.93188412092742,117.98180664950618,115.41198537165404,117.69182586669922,266498500,2025-02-26 16:20:00-05:00,22.0,3,4,1,2025,0,0,4.596962115827592,-0.0070024335551888,3129.3455952942836,331,117.69182586669922,NVDA,0
2025-03-24 00:00:00-04:00,119.87167301321132,122.21151449504808,119.33170959432591,121.40157318115234,228452500,2025-02-26 16:20:00-05:00,25.0,3,0,1,2025,0,0,3.719728084296258,0.0315208578602126,3227.985252999037,332,121.40157318115234,NVDA,0
2025-03-25 00:00:00-04:00,120.5416356938994,121.2815821945268,118.9117439494844,120.68162536621094,167447200,2025-02-26 16:20:00-05:00,26.0,3,1,1,2025,0,0,2.389633395024664,-0.0059303005395746,3208.8423303114378,333,120.68162536621094,NVDA,0
2025-03-26 00:00:00-04:00,118.7217619508854,118.83174729689937,112.70217554499752,113.75210571289062,293463300,2025-02-26 16:20:00-05:00,27.0,3,2,1,2025,0,0,2.6951377427948784,-0.0574198402805111,3024.5911162196116,334,113.75210571289062,NVDA,0
2025-03-27 00:00:00-04:00,111.34226782232152,114.4420510740887,110.6523209143036,111.4222640991211,236902100,2025-02-26 16:20:00-05:00,28.0,3,3,1,2025,0,0,3.374176315746386,-0.020481744923914,2962.642212478065,335,111.4222640991211,NVDA,0
2025-03-28 00:00:00-04:00,111.48225736963435,112.86216644188174,109.06242721559616,109.66238403320312,229872500,2025-02-26 16:20:00-05:00,29.0,3,4,1,2025,0,0,3.9212895579891263,-0.0157946895097409,2915.848198603522,336,109.66238403320312,NVDA,0
2025-03-31 00:00:00-04:00,105.12270025073305,110.95229742526604,103.642807248706,108.37247467041016,299212700,2025-02-26 16:20:00-05:00,32.0,3,0,1,2025,1,0,4.523980608994092,-0.0117625507977504,2881.550386048919,337,108.37247467041016,NVDA,0
2025-04-01 00:00:00-04:00,108.51245759918966,110.19234119227175,106.46260459302538,110.14234924316406,222614000,2025-02-26 16:20:00-05:00,33.0,4,1,2,2025,0,1,4.824900623505389,0.0163314031366041,2928.610147061921,338,110.14234924316406,NVDA,0
2025-04-02 00:00:00-04:00,107.28255072037597,111.97222748899677,106.78258544027103,110.4123306274414,220601200,2025-02-26 16:20:00-05:00,34.0,4,2,2,2025,0,0,4.921852353366295,0.0024512041565529,2935.7887684273223,339,110.4123306274414,NVDA,0
2025-04-03 00:00:00-04:00,103.50281088710224,105.62265871984648,101.59293992049946,101.79293060302734,338769400,2025-02-26 16:20:00-05:00,35.0,4,3,2,2025,0,0,6.013845782971826,-0.0780655564050908,2706.604784732227,340,101.79293060302734,NVDA,0
2025-04-04 00:00:00-04:00,98.90313835695446,100.12304726897904,92.10360729078228,94.30345153808594,532273800,2025-02-26 16:20:00-05:00,36.0,4,4,2,2025,0,0,8.003520987221124,-0.0735756306511001,2507.4646307722683,341,94.30345153808594,NVDA,0
2025-04-07 00:00:00-04:00,87.45392370324234,101.7429319683666,86.61398571543218,97.63321685791016,611041300,2025-02-26 16:20:00-05:00,39.0,4,0,2,2025,0,0,7.83293488313598,0.035309050363649,2596.000825705275,342,97.63321685791016,NVDA,0
2025-04-08 00:00:00-04:00,103.80279300527448,105.84265234199717,94.453443433611,96.29331970214844,476243400,2025-02-26 16:20:00-05:00,40.0,4,1,2,2025,0,0,7.1494874117047225,-0.0137237837580598,2560.373871737551,343,96.29331970214844,NVDA,0
2025-04-09 00:00:00-04:00,98.88312976565122,115.0920027848049,97.52322363090776,114.32205963134766,612918300,2025-02-26 16:20:00-05:00,41.0,4,2,2,2025,0,0,7.225524398328734,0.1872273173774168,3039.745803226203,344,114.32205963134766,NVDA,0
2025-04-10 00:00:00-04:00,109.36240858521514,110.85230299023064,99.14311699545736,107.56253051757812,437812400,2025-02-26 16:20:00-05:00,42.0,4,3,2,2025,0,0,6.968726652627383,-0.0591270760478499,2860.0145219527144,345,107.56253051757812,NVDA,0
2025-04-11 00:00:00-04:00,108.4924631100928,111.54225429514813,107.47253732050476,110.92229461669922,313417300,2025-02-26 16:20:00-05:00,43.0,4,4,2,2025,0,0,7.072011536530236,0.0312354505138017,2949.348364021923,346,110.92229461669922,NVDA,0
2025-04-14 00:00:00-04:00,114.10207400079877,114.282061802319,109.06242318709587,110.70230865478516,264705000,2025-02-26 16:20:00-05:00,46.0,4,0,2,2025,0,0,7.225736151751916,-0.0019832438796387,2943.4990869300536,347,110.70230865478516,NVDA,0
2025-04-15 00:00:00-04:00,110.96229700273264,113.6121145492554,110.4923284123964,112.19220733642578,228966900,2025-02-26 16:20:00-05:00,47.0,4,1,2,2025,0,0,7.401875111496296,0.0134586053330354,2983.1144794391953,348,112.19220733642578,NVDA,0
2025-04-16 00:00:00-04:00,104.54274333093116,106.78258565420649,100.4430219227654,104.48274230957033,397016900,2025-02-26 16:20:00-05:00,48.0,4,2,2,2025,0,0,7.209758735082054,-0.0687165821039373,2778.1250483873673,349,104.48274230957033,NVDA,0
2025-04-17 00:00:00-04:00,104.44274178425454,104.46274466720584,100.04305351417702,101.48294830322266,290833400,2025-02-26 16:20:00-05:00,49.0,4,3,2,2025,0,0,7.225826949042638,-0.0287109042128661,2698.3625662317536,350,101.48294830322266,NVDA,0
2025-04-21 00:00:00-04:00,98.76313836502491,99.43309764026856,95.03340163666236,96.9032745361328,288501100,2025-02-26 16:20:00-05:00,53.0,4,0,2,2025,0,0,6.834809573775591,-0.0451275198805434,2576.592155879216,351,96.9032745361328,NVDA,0
2025-04-22 00:00:00-04:00,98.77313996214224,99.80306722318257,97.2732441150665,98.88313293457033,241004800,2025-02-26 16:20:00-05:00,54.0,4,1,2,2025,0,0,6.689940651579339,0.0204312847828405,2629.2352439852175,352,98.88313293457033,NVDA,0
2025-04-23 00:00:00-04:00,104.51273745001276,104.79272441151087,102.012911081693,102.70286560058594,247526000,2025-02-26 16:20:00-05:00,55.0,4,2,2,2025,0,0,5.99404323741693,0.0386287585420972,2730.799337375495,353,102.70286560058594,NVDA,0
2025-04-24 00:00:00-04:00,103.47281538750217,106.53260039132012,103.10283834219908,106.422607421875,220815000,2025-02-26 16:20:00-05:00,56.0,4,3,2,2025,0,0,5.252362576109217,0.036218481339705,2829.7047422187084,354,106.422607421875,NVDA,0
2025-04-25 00:00:00-04:00,106.84258154964476,111.9122293136747,105.7226641762038,111.0022964477539,251064700,2025-02-26 16:20:00-05:00,57.0,4,4,2,2025,0,0,5.527818182668352,0.0430330466131536,2951.475558292068,355,111.0022964477539,NVDA,0
2025-04-28 00:00:00-04:00,109.68238265297498,110.36233572086071,106.01263179735646,108.72245025634766,207708500,2025-02-26 16:20:00-05:00,60.0,4,0,2,2025,0,0,5.331421080871889,-0.0205387299575312,2890.8559988240536,356,108.72245025634766,NVDA,0
2025-04-29 00:00:00-04:00,107.66252352883212,110.19234667117642,107.43254376799985,109.0124282836914,170444300,2025-02-26 16:20:00-05:00,61.0,4,1,2,2025,0,0,5.167161159184921,0.0026671402885056,2898.5663173267853,357,109.0124282836914,NVDA,0
2025-04-30 00:00:00-04:00,104.46274938923446,108.91243743896484,104.07277707156662,108.91243743896484,235044600,2025-02-26 16:20:00-05:00,62.0,4,2,2,2025,1,0,4.7607760756674935,-0.0009172426144508,2895.9076287797216,358,108.91243743896484,NVDA,0
2025-05-01 00:00:00-04:00,113.07214827264656,114.93201970345092,111.29227311666196,111.6022491455078,236121500,2025-02-26 16:20:00-05:00,63.0,5,3,2,2025,0,1,5.210411003916098,0.0246970113771474,2967.4278924348623,359,111.6022491455078,NVDA,0
2025-05-02 00:00:00-04:00,114.17207269391602,115.39198920893172,113.36213137411846,114.49205017089844,190194800,2025-02-26 16:20:00-05:00,64.0,5,4,2,2025,0,0,5.6808593060093555,0.0258937525678615,3044.2657360445414,360,114.49205017089844,NVDA,0
2025-05-05 00:00:00-04:00,112.9021628026332,114.6620350893898,112.65218016349414,113.81209564208984,133163200,2025-02-26 16:20:00-05:00,67.0,5,0,2,2025,0,0,4.840399600561479,-0.0059388798418199,3026.1862076316033,361,113.81209564208984,NVDA,0
2025-05-06 00:00:00-04:00,111.47226518321952,114.7320334036988,110.81230733401684,113.53211975097656,158525600,2025-02-26 16:20:00-05:00,68.0,5,1,2,2025,0,0,3.660446656349765,-0.0024599836206665,3018.7418391277424,362,113.53211975097656,NVDA,0
2025-05-07 00:00:00-04:00,113.04215608614976,117.67183196470502,112.27220526080852,117.05187225341795,206758800,2025-02-26 16:20:00-05:00,69.0,5,2,2,2025,0,0,3.2637430818571027,0.0310022618282974,3112.3296640164167,363,117.05187225341795,NVDA,0
2025-05-08 00:00:00-04:00,118.24179071447392,118.67176116768113,115.84195580422112,117.36185455322266,198428100,2025-02-26 16:20:00-05:00,70.0,5,3,2,2025,0,0,3.2221426826546256,0.0026482472585622,3120.57188251689,364,117.36185455322266,NVDA,0
2025-05-09 00:00:00-04:00,117.34184743589364,118.2217911942619,115.20199668891294,116.64189910888672,132972200,2025-02-26 16:20:00-05:00,71.0,5,4,2,2025,0,0,3.4092273533319384,-0.0061344927368154,3101.42875696888,365,116.64189910888672,NVDA,0
2025-05-12 00:00:00-04:00,121.96153541928634,122.99146270751952,120.27165027906004,122.99146270751952,225023300,2025-02-26 16:20:00-05:00,74.0,5,0,2,2025,0,0,4.249436723647078,0.0544363873285826,3270.2593340552426,366,122.99146270751952,NVDA,0
2025-05-13 00:00:00-04:00,124.97132897244262,131.21089374180312,124.46136223351174,129.9209747314453,330430100,2025-02-26 16:20:00-05:00,75.0,5,1,2,2025,0,0,6.007210822779569,0.0563414067235263,3454.5103452866574,367,129.9209747314453,NVDA,0
2025-05-14 00:00:00-04:00,133.19074615794872,135.43059608188196,131.67084745036084,135.33059692382812,281180800,2025-02-26 16:20:00-05:00,76.0,5,2,2,2025,0,0,7.782019191510191,0.0416377894605919,3598.34851973314,368,135.33059692382812,NVDA,0
2025-05-15 00:00:00-04:00,134.2806619130786,136.29053200968949,132.65078555171073,134.8206329345703,226632600,2025-02-26 16:20:00-05:00,77.0,5,3,2,2025,0,0,8.653735369243535,-0.0037682830110092,3584.788924138539,369,134.8206329345703,NVDA,0
2025-05-16 00:00:00-04:00,136.21054488205627,136.34054073998118,133.45074197294815,135.39059448242188,226542500,2025-02-26 16:20:00-05:00,78.0,5,4,2,2025,0,0,9.250541148818195,0.0042275543100895,3599.9438140055427,370,135.39059448242188,NVDA,0
2025-05-19 00:00:00-04:00,132.38080555276906,135.86055961165334,132.38080555276906,135.5605926513672,193154600,2025-02-26 16:20:00-05:00,81.0,5,0,2,2025,0,0,9.22791962143661,0.0012556128407235,3604.463949684291,371,135.5605926513672,NVDA,0
2025-05-20 00:00:00-04:00,134.28066116234166,134.5706495538956,132.610779045451,134.37066650390625,161514200,2025-02-26 16:20:00-05:00,82.0,5,1,2,2025,0,0,8.455175786562052,-0.0087778175367023,3572.8246228163407,372,134.37066650390625,NVDA,0
2025-05-21 00:00:00-04:00,133.0507547616815,137.39044962876582,130.58092511560693,131.7908477783203,270608700,2025-02-26 16:20:00-05:00,83.0,5,2,2,2025,0,0,7.58538542625652,-0.0191992701436137,3504.2289977071346,373,131.7908477783203,NVDA,0
2025-05-22 00:00:00-04:00,132.22082104991222,134.2406851659139,131.54087555490528,132.82078552246094,187344000,2025-02-26 16:20:00-05:00,84.0,5,3,2,2025,0,0,6.326072345037124,0.0078149413369965,3531.614341755618,374,132.82078552246094,NVDA,0
2025-05-23 00:00:00-04:00,129.99098000853303,132.67078673422913,129.15104195341007,131.2808837890625,198821300,2025-02-26 16:20:00-05:00,85.0,5,4,2,2025,0,0,3.854627055026812,-0.0115938309455189,3490.6694021125336,375,131.2808837890625,NVDA,0
2025-05-27 00:00:00-04:00,134.14067302338051,135.65057787204648,133.300735049259,135.49058532714844,192953600,2025-02-26 16:20:00-05:00,89.0,5,1,2,2025,0,0,2.0665762985943132,0.032066371101294,3602.6025025526064,376,135.49058532714844,NVDA,0
2025-05-28 00:00:00-04:00,136.0205604932104,137.24047706552236,134.7806410364111,134.80064392089844,304021100,2025-02-26 16:20:00-05:00,90.0,5,2,2,2025,0,0,1.605662991103956,-0.0050921723054343,3584.2574298616196,377,134.80064392089844,NVDA,0
2025-05-29 00:00:00-04:00,142.24012884407688,143.48004828952517,137.90043367160317,139.1803436279297,369241900,2025-05-28 16:20:00-04:00,0.0,5,3,2,2025,0,0,2.248731116075058,0.0324901987085557,3700.710665980441,378,139.1803436279297,NVDA,0
2025-05-30 00:00:00-04:00,138.7103677567503,139.61029915281162,132.91076748843994,135.12062072753906,333170900,2025-05-28 16:20:00-04:00,1.0,5,4,2,2025,0,0,2.2547258191836024,-0.0291687949215261,3592.765395500553,379,135.12062072753906,NVDA,0
2025-06-02 00:00:00-04:00,135.48059995132564,138.11040700485356,135.39059460313518,137.37046813964844,197663100,2025-05-28 16:20:00-04:00,4.0,6,0,2,2025,0,0,2.414980018818062,0.0166506592405761,3652.5873078323666,380,137.37046813964844,NVDA,0
2025-06-03 00:00:00-04:00,138.77035689954903,141.9901344074345,137.94041273370485,141.21018981933594,225578800,2025-05-28 16:20:00-04:00,5.0,6,1,2,2025,0,0,3.163168274785852,0.0279515803628485,3754.682895499563,381,141.21018981933594,NVDA,0
2025-06-04 00:00:00-04:00,142.18012651028872,142.38010956756776,139.53030141372145,141.91014099121094,167120800,2025-05-28 16:20:00-04:00,6.0,6,2,2,2025,0,0,3.74965394324057,0.0049568035619136,3773.294121049832,382,141.91014099121094,NVDA,0
2025-06-05 00:00:00-04:00,142.16012695808664,143.99000172763624,138.82036252431462,139.98028564453125,231397900,2025-05-28 16:20:00-04:00,7.0,6,3,2,2025,0,0,3.5956824302691657,-0.0135991362787752,3721.9805800777735,383,139.98028564453125,NVDA,0
2025-06-06 00:00:00-04:00,142.50009772583994,143.26005471165655,141.50016717206393,141.7101593017578,153986200,2025-05-28 16:20:00-04:00,8.0,6,4,2,2025,0,0,3.5693553475877766,0.0123579806203528,3767.976743955705,384,141.7101593017578,NVDA,0
2025-06-09 00:00:00-04:00,143.18006060607402,144.98993249459744,141.9301473949137,142.62010192871094,185114500,2025-05-28 16:20:00-04:00,11.0,6,0,2,2025,0,0,3.026112390813623,0.006421153087659,3792.171499459383,385,142.62010192871094,NVDA,0
2025-06-10 00:00:00-04:00,142.68009610535242,144.279975869788,141.52017297716907,143.95001220703125,155881900,2025-05-28 16:20:00-04:00,12.0,6,1,2,2025,0,0,3.1353310436294053,0.0093248445368876,3827.532909149058,386,143.95001220703125,NVDA,0
2025-06-11 00:00:00-04:00,144.61000061035156,144.99000549316406,141.8699951171875,142.8300018310547,167694000,2025-05-28 16:20:00-04:00,13.0,6,2,2,2025,0,0,2.7172108872181813,-0.0077805507537279,3797.75259508786,387,142.8300018310547,NVDA,0
2025-06-12 00:00:00-04:00,141.97000122070312,145.0,141.85000610351562,145.0,162365000,2025-05-28 16:20:00-04:00,14.0,6,3,2,2025,0,0,2.991540244848492,0.0151928736338746,3855.4513703577495,388,145.0,NVDA,0
2025-06-13 00:00:00-04:00,142.47999572753906,143.5800018310547,140.85000610351562,141.97000122070312,180820600,2025-05-28 16:20:00-04:00,15.0,6,4,2,2025,0,0,2.105408781156564,-0.0208965433054957,3774.885763834836,389,141.97000122070312,NVDA,0
2025-06-16 00:00:00-04:00,143.35000610351562,146.17999267578125,143.1999969482422,144.69000244140625,183133700,2025-05-28 16:20:00-04:00,18.0,6,0,2,2025,0,0,1.5797811845164147,0.0191589856822969,3847.208746136454,390,144.69000244140625,NVDA,0
2025-06-17 00:00:00-04:00,144.49000549316406,145.22000122070312,143.77999877929688,144.1199951171875,139108000,2025-05-28 16:20:00-04:00,19.0,6,1,2,2025,0,0,1.5659085863603512,-0.0039395073232484,3832.052639106984,391,144.1199951171875,NVDA,0
2025-06-18 00:00:00-04:00,144.00999450683594,145.64999389648438,143.1199951171875,145.47999572753906,161494100,2025-05-28 16:20:00-04:00,20.0,6,2,2,2025,0,0,1.7200572167871335,0.0094365851819917,3868.2141302577934,392,145.47999572753906,NVDA,0
2025-06-20 00:00:00-04:00,145.4499969482422,146.1999969482422,142.64999389648438,143.85000610351562,242956200,2025-05-28 16:20:00-04:00,22.0,6,4,2,2025,0,0,1.2873113637787637,-0.0112042182560697,3824.873814881172,393,143.85000610351562,NVDA,0
2025-06-23 00:00:00-04:00,142.5,144.77999877929688,142.02999877929688,144.1699981689453,152144600,2025-05-28 16:20:00-04:00,25.0,6,0,2,2025,0,0,1.1032520420583791,0.0022244841977929,3833.3821862409272,394,144.1699981689453,NVDA,0
