date,close,volume,last_earnings_date,days_since_earning,month,day_of_week,quarter,year,is_month_end,is_month_start,rolling_volatility,cumulative_return,time_idx,nvda_close,unique_id,daily_sentiment,post_count,spike_presence,spike_intensity,volume_log1p,volume_norm
2024-06-03,114.9542465209961,438392000,2024-05-22 15:22:00-05,11,6,0,2,2024,0,0,0.0489542713399566,3056.5552226056307,0,114.9542465209961,NVDA,0.6950230598449707,2,0,0.0,19.89862404753746,1.4382128068192137
2024-06-04,116.3906707763672,403324000,2024-05-22 15:22:00-05,12,6,1,2,2024,0,0,0.0124956171593777,3094.748766493807,1,116.3906707763672,NVDA,0.8034714460372925,1,0,0.0,19.815250769602734,1.243908379256012
2024-06-05,122.39127349853516,528402000,2024-05-22 15:22:00-05,13,6,2,2,2024,0,0,0.0515557018628882,3254.300711239703,2,122.39127349853516,NVDA,1.0,1,0,0.0,20.085367917509135,1.8734261228194737
2024-06-06,120.9498519897461,664696000,2024-05-22 15:22:00-05,14,6,3,2,2024,0,0,-0.0117771591681845,3215.974293782297,3,120.9498519897461,NVDA,0.9208677411079408,1,0,0.0,20.31484035274578,2.408219899370977
2024-06-07,120.83989715576172,412386000,2024-05-22 15:22:00-05,15,6,4,2,2024,0,0,-0.0009090944071076,3213.050669538418,4,120.83989715576172,NVDA,0.0,0,0,0.0,19.83747036433209,1.2956919451841045
2024-06-10,121.74153900146484,314162700,2024-05-22 15:22:00-05,18,6,0,2,2024,0,0,0.0074614582346168,3237.0247129148865,5,121.74153900146484,NVDA,-1.0,1,0,0.0,19.56542156572699,0.661672420083913
2024-06-11,120.87181854248048,222551200,2024-05-22 15:22:00-05,19,6,1,2,2024,0,0,-0.0071439910002608,3213.8994374982008,6,120.87181854248048,NVDA,0.0,0,0,0.0,19.22066774995168,-0.1417887665674784
2024-06-12,125.16045379638672,299595000,2024-05-22 15:22:00-05,20,6,2,2,2024,0,0,0.0354808532346107,3327.931331750872,7,125.16045379638672,NVDA,0.891063392162323,1,0,0.0,19.51794212388736,0.5510198705356928
2024-06-13,129.56906127929688,260704500,2024-05-22 15:22:00-05,21,6,3,2,2024,0,0,0.0352236457218519,3445.1532059671163,8,129.56906127929688,NVDA,0.0,0,0,0.0,19.37889814381031,0.22697286621697127
2024-06-14,131.83836364746094,309320400,2024-05-22 15:22:00-05,22,6,4,2,2024,0,0,0.0175142302163662,3505.4924123470764,9,131.83836364746094,NVDA,0.9175414045651754,6,1,1.6694023383133905,19.549888194096354,0.6254713379436613
2024-06-17,130.9386444091797,288504400,2024-05-22 15:22:00-05,25,6,0,2,2024,0,0,-0.0068244114489096,3481.569489794189,10,130.9386444091797,NVDA,0.9580142299334208,3,0,0.0,19.480220898562106,0.46310919609220813
2024-06-18,135.5371856689453,294335100,2024-05-22 15:22:00-05,26,6,1,2,2024,0,0,0.0351198172282531,3603.841573943223,11,135.5371856689453,NVDA,1.0,1,0,0.0,19.500229475544604,0.5097399055142644
2024-06-20,130.7386932373047,517768400,2024-05-22 15:22:00-05,28,6,3,2,2024,0,0,-0.0354035123863433,3476.2529241417055,12,130.7386932373047,NVDA,0.8381655216217041,4,0,0.0,20.065038597927114,1.8260479112151915
2024-06-21,126.53002166748048,655484700,2024-05-22 15:22:00-05,29,6,4,2,2024,0,0,-0.0321914764910876,3364.347209857123,13,126.53002166748048,NVDA,0.637511670589447,1,0,0.0,20.300885521460113,2.3756976623680695
2024-06-24,118.07269287109376,476060900,2024-05-22 15:22:00-05,32,6,0,2,2024,0,0,-0.0668404911730157,3139.472589873708,14,118.07269287109376,NVDA,0.8925777971744537,2,0,0.0,19.981056347288963,1.6303242508297744
2024-06-25,126.0501708984375,425787500,2024-05-22 15:22:00-05,33,6,1,2,2024,0,0,0.0675641237051583,3351.588304304889,15,126.0501708984375,NVDA,0.0,0,0,0.0,19.86945095583593,1.3702238657132575
2024-06-26,126.36009216308594,362975900,2024-05-22 15:22:00-05,34,6,2,2,2024,0,0,0.0024587135617464,3359.828899922074,16,126.36009216308594,NVDA,0.8516557812690735,2,0,0.0,19.709847001595563,0.9982611009797225
2024-06-27,123.95084381103516,252571700,2024-05-22 15:22:00-05,35,6,3,2,2024,0,0,-0.0190665289238733,3295.768625022444,17,123.95084381103516,NVDA,0.4556061327457428,1,0,0.0,19.34720573072588,0.15311255587522996
2024-06-28,123.50098419189452,315516700,2024-05-22 15:22:00-05,36,6,4,2,2024,0,0,-0.0036293389000758,3283.8071637460007,18,123.50098419189452,NVDA,0.0,0,0,0.0,19.569722173568305,0.6716951415779017
2024-07-01,124.26074981689452,284885500,2024-05-22 15:22:00-05,39,7,0,3,2024,0,1,0.0061518993550648,3304.0088149188073,19,124.26074981689452,NVDA,0.8849307298660278,1,0,0.0,19.46759790663223,0.4336908586845081
2024-07-02,122.63125610351562,218374000,2024-05-22 15:22:00-05,40,7,1,3,2024,0,0,-0.0131135029828812,3260.6816854689037,20,122.63125610351562,NVDA,0.0,0,0,0.0,19.201719751708545,-0.18594775903246655
2024-07-03,128.23948669433594,215749000,2024-05-22 15:22:00-05,41,7,2,3,2024,0,0,0.045732472854117,3409.800722135527,21,128.23948669433594,NVDA,0.0,0,0,0.0,19.18962625755788,-0.21413208279173726
2024-07-05,125.7902603149414,214176700,2024-05-22 15:22:00-05,43,7,4,3,2024,0,0,-0.0190988473404635,3344.6774586820584,22,125.7902603149414,NVDA,-0.0636944472789764,2,0,0.0,19.182311937886265,-0.23117836826848218
2024-07-08,128.1595001220703,237677300,2024-05-22 15:22:00-05,46,7,0,3,2024,0,0,0.0188348430251836,3407.6739335862053,23,128.1595001220703,NVDA,0.8675591349601746,1,0,0.0,19.286424433449977,0.011459553063114964
2024-07-09,131.33851623535156,285366600,2024-05-22 15:22:00-05,47,7,1,3,2024,0,0,0.0248051538142179,3492.2018096575125,24,131.33851623535156,NVDA,0.812934160232544,1,0,0.0,19.469285230931273,0.4376232287455256
2024-07-10,134.86740112304688,248978600,2024-05-22 15:22:00-05,48,7,2,3,2024,0,0,0.0268686215502216,3586.0324584581995,25,134.86740112304688,NVDA,0.4357323348522186,4,0,0.0,19.332877510976914,0.11972012360811898
2024-07-11,127.35977172851562,374782700,2024-05-22 15:22:00-05,49,7,3,3,2024,0,0,-0.0556667462412331,3386.4096995803816,26,127.35977172851562,NVDA,0.638062983751297,2,0,0.0,19.741856951980537,1.0728614434389512
2024-07-12,129.19918823242188,252680500,2024-05-22 15:22:00-05,50,7,4,3,2024,0,0,0.0144426805964068,3435.3185332399953,27,129.19918823242188,NVDA,1.0,1,0,0.0,19.34763640673778,0.1541162618351104
2024-07-15,128.39944458007812,208326200,2024-05-22 15:22:00-05,53,7,0,3,2024,0,0,-0.0061900052414033,3414.0538935133495,28,128.39944458007812,NVDA,0.0,0,0,0.0,19.15461568324653,-0.2957254874021665
2024-07-16,126.3200912475586,214769500,2024-05-22 15:22:00-05,54,7,1,3,2024,0,0,-0.0161944106481138,3358.7653027870024,29,126.3200912475586,NVDA,0.8621715903282166,1,0,0.0,19.18507592262203,-0.22473680227539897
2024-07-17,117.95272827148438,390086200,2024-05-22 15:22:00-05,55,7,2,3,2024,0,0,-0.0662393677319002,3136.282812770547,30,117.95272827148438,NVDA,-0.047860562801361,2,0,0.0,19.78187830086996,1.1661326387055504
2024-07-18,121.05175018310548,320979500,2024-05-22 15:22:00-05,56,7,3,3,2024,0,0,0.0262734228960628,3218.683697432121,31,121.05175018310548,NVDA,0.0,0,0,0.0,19.58688781924208,0.7117002971747198
2024-07-19,117.89276123046876,217223800,2024-05-22 15:22:00-05,57,7,4,3,2024,0,0,-0.0260961857045302,3134.688329939788,32,117.89276123046876,NVDA,0.0,0,0,0.0,19.1964387210518,-0.19825539121536132
2024-07-22,123.50098419189452,258068900,2024-05-22 15:22:00-05,60,7,0,3,2024,0,0,0.0475705454931389,3283.8071637460007,33,123.50098419189452,NVDA,0.0,0,0,0.0,19.368737165371748,0.20329233993932208
2024-07-23,122.55128479003906,173911000,2024-05-22 15:22:00-05,61,7,1,3,2024,0,0,-0.0076898124178494,3258.5553026404036,34,122.55128479003906,NVDA,0.0,0,0,0.0,18.974054237818187,-0.7165304402961388
2024-07-24,114.2139129638672,327776900,2024-05-22 15:22:00-05,62,7,2,3,2024,0,0,-0.068031696611389,3036.8702568997387,35,114.2139129638672,NVDA,0.0,0,0,0.0,19.60784375504309,0.7605388604498037
2024-07-25,112.24453735351562,460067000,2024-05-22 15:22:00-05,63,7,3,3,2024,0,0,-0.0172428696228506,2984.5058989985037,36,112.24453735351562,NVDA,0.6572795510292053,1,0,0.0,19.946882691188677,1.5506813142583413
2024-07-26,113.02428436279295,293399100,2024-05-22 15:22:00-05,64,7,4,3,2024,0,0,0.0069468593097008,3005.2388415878186,37,113.02428436279295,NVDA,0.2633178432782491,3,0,0.0,19.497044359592113,0.5023168780502895
2024-07-29,111.55475616455078,248152100,2024-05-22 15:22:00-05,67,7,0,3,2024,0,0,-0.0130018801404235,2966.1650863761483,38,111.55475616455078,NVDA,0.911557912826538,1,0,0.0,19.329552426615116,0.11197089472420368
2024-07-30,103.6972427368164,486833300,2024-05-22 15:22:00-05,68,7,1,3,2024,0,0,-0.0704363820771928,2757.239149048128,39,103.6972427368164,NVDA,0.9221295118331908,2,0,0.0,20.003432324708346,1.68247227225031
2024-07-31,116.98303985595705,473174200,2024-05-22 15:22:00-05,69,7,2,3,2024,1,0,0.1281210258681611,3110.49945738803,40,116.98303985595705,NVDA,0.8309614459673563,3,0,0.0,19.974974168294818,1.6161495135869912
2024-08-01,109.1755142211914,523462300,2024-05-22 15:22:00-05,70,8,3,3,2024,0,1,-0.0667406629574607,2902.902661473131,41,109.1755142211914,NVDA,0.4637930393218994,1,0,0.0,20.07597557231024,1.851536923995172
2024-08-02,107.23611450195312,482027500,2024-05-22 15:22:00-05,71,8,4,3,2024,0,0,-0.0177640539004838,2851.3353421268644,42,107.23611450195312,NVDA,0.2038421630859375,3,0,0.0,19.99351172640384,1.6593519605342353
2024-08-05,100.41827392578124,552842400,2024-05-22 15:22:00-05,74,8,0,3,2024,0,0,-0.0635778404303123,2670.0535987318126,43,100.41827392578124,NVDA,0.1476460695266723,10,1,5.093550691253313,20.130583529719395,1.9788027358670341
2024-08-06,104.21707153320312,409012100,2024-05-22 15:22:00-05,75,8,1,3,2024,0,0,0.0378297441183816,2771.0610431542013,44,104.21707153320312,NVDA,0.8758872747421265,2,0,0.0,19.829255300366462,1.2765464426828552
2024-08-07,98.87876892089844,411440400,2024-05-22 15:22:00-05,76,8,2,3,2024,0,0,-0.0512229189879311,2629.1192078301015,45,98.87876892089844,NVDA,0.3297881867204393,7,1,2.487688997710893,19.835174734056164,1.2903418961310964
2024-08-08,104.93685150146484,391910000,2024-05-22 15:22:00-05,77,8,3,3,2024,0,0,0.0612677791873883,2790.1995029127575,46,104.93685150146484,NVDA,0.0,0,0,0.0,19.78654278210937,1.1770033802615234
2024-08-09,104.7169189453125,290844200,2024-05-22 15:22:00-05,78,8,4,3,2024,0,0,-0.0020958562507402,2784.3516458437653,47,104.7169189453125,NVDA,-1.0,1,0,0.0,19.488298290009848,0.48193384783117604
2024-08-12,108.98556518554688,325559900,2024-05-22 15:22:00-05,81,8,0,3,2024,0,0,0.0407636729883509,2897.852045819517,48,108.98556518554688,NVDA,-0.0475179553031921,2,0,0.0,19.601057030331656,0.7447221540331951
2024-08-13,116.1033172607422,312646700,2024-05-22 15:22:00-05,82,8,1,3,2024,0,0,0.0653091266084404,3087.1082319724724,49,116.1033172607422,NVDA,0.7223541736602783,1,0,0.0,19.560584360186745,0.6503991383228357
2024-08-14,118.04271697998048,339246400,2024-05-22 15:22:00-05,83,8,2,3,2024,0,0,0.0167040853353295,3138.6755513187386,50,118.04271697998048,NVDA,0.0,0,0,0.0,19.642237247927326,0.8406941345653661
2024-08-15,122.82120513916016,318086700,2024-05-22 15:22:00-05,84,8,3,3,2024,0,0,0.0404810079048765,3265.7323011225153,51,122.82120513916016,NVDA,0.0,0,0,0.0,19.57783454823774,0.6906013229752151
2024-08-16,124.5406494140625,302589900,2024-05-22 15:22:00-05,85,8,4,3,2024,0,0,0.0139995717592427,3311.451154818557,52,124.5406494140625,NVDA,1.0,1,0,0.0,19.527888984670394,0.5742013879040239
2024-08-19,129.95895385742188,318333600,2024-05-22 15:22:00-05,88,8,0,3,2024,0,0,0.0435063127489006,3455.520184412801,53,129.95895385742188,NVDA,1.0,2,0,0.0,19.57861045061424,0.6924095914137997
2024-08-20,127.20980834960938,300087400,2024-05-22 15:22:00-05,89,8,1,3,2024,0,0,-0.0211539522765672,3382.4222753410177,54,127.20980834960938,NVDA,0.5458263158798218,1,0,0.0,19.519584326856855,0.5548470837128008
2024-08-21,128.4594268798828,257883600,2024-05-22 15:22:00-05,90,8,2,3,2024,0,0,0.0098232875788879,3415.648782064929,55,128.4594268798828,NVDA,0.0,0,0,0.0,19.36801888216836,0.20161835505927894
2024-08-22,123.700927734375,376189100,2024-05-22 15:22:00-05,91,8,3,3,2024,0,0,-0.0370428178070364,3289.123526538072,56,123.700927734375,NVDA,1.0,1,0,0.0,19.745602503119663,1.0815905852938068
2024-08-23,129.32913208007812,323230300,2024-05-22 15:22:00-05,92,8,4,3,2024,0,0,0.0454984812869687,3438.773651760793,57,129.32913208007812,NVDA,0.8395312428474426,1,0,0.0,19.593875633310727,0.7279856495821145
2024-08-26,126.42005920410156,331964700,2024-05-22 15:22:00-05,95,8,0,3,2024,0,0,-0.0224935621942883,3361.423382752832,58,126.42005920410156,NVDA,0.827709972858429,2,0,0.0,19.620539198938992,0.7901260497742493
2024-08-27,128.25949096679688,303134600,2024-05-22 15:22:00-05,96,8,1,3,2024,0,0,0.0145501574218187,3410.332622133268,59,128.25949096679688,NVDA,0.961473027865092,3,0,0.0,19.52968749255649,0.5783928753198061
2024-08-28,125.5703353881836,448101100,2024-05-22 15:22:00-05,97,8,2,3,2024,0,0,-0.0209665230880219,3338.8298044734765,60,125.5703353881836,NVDA,0.4200578093528747,5,0,0.0,19.92052943679419,1.4892641055747984
2024-08-29,117.55286407470705,453023300,2024-08-28 15:20:00-05,0,8,3,3,2024,0,0,-0.0638484502624895,3125.6506957676343,61,117.55286407470705,NVDA,0.0886954702436924,8,1,1.8487210127098432,19.93145411921056,1.5147244714834582
2024-08-30,119.33230590820312,333751600,2024-08-28 15:20:00-05,1,8,4,3,2024,0,0,0.015137375405547,3172.9648437360784,62,119.33230590820312,NVDA,0.7169532179832458,1,0,0.0,19.625907564670975,0.8026372194960322
2024-09-03,107.96588897705078,477155100,2024-08-28 15:20:00-05,5,9,1,3,2024,0,0,-0.0952501239680728,2870.73954902388,63,107.96588897705078,NVDA,0.0,0,0,0.0,19.98335215532892,1.6356747141682564
2024-09-04,106.17646026611328,372470300,2024-08-28 15:20:00-05,6,9,2,3,2024,0,0,-0.0165740191452308,2823.159856777387,64,106.17646026611328,NVDA,0.0,0,0,0.0,19.735667863746315,1.0584375503610002
2024-09-05,107.17613983154295,306850700,2024-08-28 15:20:00-05,7,9,3,3,2024,0,0,0.0094152655204755,2849.740656435694,65,107.17613983154295,NVDA,0.0,0,0,0.0,19.5418718713006,0.6067890088980127
2024-09-06,102.79752349853516,413638100,2024-08-28 15:20:00-05,8,9,4,3,2024,0,0,-0.0408543948297636,2733.31622649524,66,102.79752349853516,NVDA,0.0,0,0,0.0,19.84050199732186,1.3027572750745717
2024-09-09,106.4363784790039,273912000,2024-08-28 15:20:00-05,11,9,0,3,2024,0,0,0.035398274750467,2830.0709052606285,67,106.4363784790039,NVDA,0.7447025328874588,4,0,0.0,19.42831744853449,0.3421463360968629
2024-09-10,108.06585693359376,268283700,2024-08-28 15:20:00-05,12,9,1,3,2024,0,0,0.0153094127954689,2873.39762898971,68,108.06585693359376,NVDA,0.0,0,0,0.0,19.40755556438916,0.2937600171956177
2024-09-11,116.87307739257812,441422400,2024-08-28 15:20:00-05,13,9,2,3,2024,0,0,0.0814986408185927,3107.5756302837385,69,116.87307739257812,NVDA,-1.0,1,0,0.0,19.905512800385903,1.4542672934844625
2024-09-12,119.11256408691406,367100500,2024-08-28 15:20:00-05,14,9,3,3,2024,0,0,0.0191616986931342,3167.1220581773623,70,119.11256408691406,NVDA,1.0,1,0,0.0,19.72114621321688,1.0245943206920909
2024-09-13,119.07256317138672,238358300,2024-08-28 15:20:00-05,15,9,4,3,2024,0,0,-0.0003358244853007,3166.05846104229,71,119.07256317138672,NVDA,0.9393118023872375,2,0,0.0,19.289285565943846,0.018127525405992297
2024-09-16,116.75309753417967,248772300,2024-08-28 15:20:00-05,18,9,0,3,2024,0,0,-0.0194794298151499,3104.385447459755,72,116.75309753417967,NVDA,1.0,1,0,0.0,19.332048582245758,0.11778827533985121
2024-09-17,115.5633773803711,231925900,2024-08-28 15:20:00-05,19,9,1,3,2024,0,0,-0.0101900521608028,3072.751597822903,73,115.5633773803711,NVDA,1.0,1,0,0.0,19.26192848637264,-0.04562913401246033
2024-09-18,113.34388732910156,310318900,2024-08-28 15:20:00-05,20,9,2,3,2024,0,0,-0.0192058254230852,3013.73686706661,74,113.34388732910156,NVDA,0.9170563817024232,1,0,0.0,19.553111039584174,0.6329822954488425
2024-09-19,117.84284973144533,293506400,2024-08-28 15:20:00-05,21,9,3,3,2024,0,0,0.0396930307258716,3133.3612171307773,75,117.84284973144533,NVDA,0.0,0,0,0.0,19.497410006193928,0.5031690306274207
2024-09-20,115.97328186035156,382462400,2024-08-28 15:20:00-05,22,9,4,3,2024,0,0,-0.0158649241371398,3083.6506791267416,76,115.97328186035156,NVDA,0.0,0,0,0.0,19.76214090836008,1.1201339344657506
2024-09-23,116.23323059082033,206228500,2024-08-28 15:20:00-05,25,9,0,3,2024,0,0,0.0022414536029236,3090.562539051628,77,116.23323059082033,NVDA,0.0,0,0,0.0,19.14449534017019,-0.31931131150435127
2024-09-24,120.8421630859375,354966800,2024-08-28 15:20:00-05,26,9,1,3,2024,0,0,0.039652451125119,3213.1109190804964,78,120.8421630859375,NVDA,0.8766225576400757,2,0,0.0,19.68753482475672,0.946261769110412
2024-09-25,123.48155975341795,284692900,2024-08-28 15:20:00-05,27,9,2,3,2024,0,0,0.021841686709989,3283.290681139498,79,123.48155975341795,NVDA,0.8118255734443665,2,0,0.0,19.466921616918064,0.43211474114382054
2024-09-26,124.01143646240234,302582900,2024-08-28 15:20:00-05,28,9,3,3,2024,0,0,0.0042911403941001,3297.379742406908,80,124.01143646240234,NVDA,0.0,0,0,0.0,19.5278658507821,0.5741474735440061
2024-09-27,121.3720474243164,271009200,2024-08-28 15:20:00-05,29,9,4,3,2024,0,0,-0.0212834325073408,3227.2001832083174,81,121.3720474243164,NVDA,1.0,1,0,0.0,19.417663330297138,0.31731652975387686
2024-09-30,121.41203308105467,226553700,2024-08-28 15:20:00-05,32,9,0,3,2024,1,0,0.0003294469986032,3228.2633746225674,82,121.41203308105467,NVDA,0.8871106803417206,2,0,0.0,19.238492565293576,-0.10024739231398538
2024-10-01,116.97305297851562,302094500,2024-08-28 15:20:00-05,33,10,1,4,2024,0,1,-0.0365612863065689,3110.233913109981,83,116.97305297851562,NVDA,0.8997222483158112,2,0,0.0,19.526250443609303,0.5703827089363657
2024-10-02,118.82262420654295,221845900,2024-08-28 15:20:00-05,34,10,2,4,2024,0,0,0.0158119428443666,3159.412753976687,84,118.82262420654295,NVDA,0.0,0,0,0.0,19.21749355917045,-0.14918633252627675
2024-10-03,122.82170867919922,277118000,2024-08-28 15:20:00-05,35,10,3,4,2024,0,0,0.0336559177964699,3265.745689909645,85,122.82170867919922,NVDA,0.9113831222057344,2,0,0.0,19.439953969830803,0.3692656681576398
2024-10-04,124.89122772216795,243678100,2024-08-28 15:20:00-05,36,10,4,4,2024,0,0,0.0168497822186644,3320.7727935661646,86,124.89122772216795,NVDA,0.0,0,0,0.0,19.311358654073537,0.0695696524259895
2024-10-07,127.69058990478516,346250200,2024-08-28 15:20:00-05,39,10,0,4,2024,0,0,0.0224144019854191,3395.2059298634,87,127.69058990478516,NVDA,0.8560139834880829,2,0,0.0,19.66267219597107,0.8883185171047198
2024-10-08,132.85939025878906,285722500,2024-08-28 15:20:00-05,40,10,1,4,2024,0,0,0.0404791015364414,3532.6408154354685,88,132.85939025878906,NVDA,0.7666245102882385,2,0,0.0,19.47053162153767,0.44052798695217477
2024-10-09,132.61944580078125,246191600,2024-08-28 15:20:00-05,41,10,2,4,2024,0,0,-0.0018060030046836,3526.260855508324,89,132.61944580078125,NVDA,0.0,0,0,0.0,19.32162065659169,0.09348561896029181
2024-10-10,134.77896118164062,242311300,2024-08-28 15:20:00-05,42,10,3,4,2024,0,0,0.0162835500315945,3583.680900573447,90,134.77896118164062,NVDA,0.0,0,0,0.0,19.30573382522739,0.056460786178131425
2024-10-11,134.7689666748047,170209500,2024-08-28 15:20:00-05,43,10,4,4,2024,0,0,-7.41547994458358e-05,3583.415153434987,91,134.7689666748047,NVDA,0.8499879240989685,1,0,0.0,18.95254059510722,-0.7666687596150285
2024-10-14,138.03822326660156,232347700,2024-08-28 15:20:00-05,46,10,0,4,2024,0,0,0.0242582300099216,3670.342462448052,92,138.03822326660156,NVDA,1.0,0,0,0.0,19.263745518890683,-0.04139447427461581
2024-10-15,131.5697021484375,377831000,2024-08-28 15:20:00-05,47,10,1,4,2024,0,0,-0.0468603620438595,3498.348885832785,93,131.5697021484375,NVDA,0.0,1,0,0.0,19.749957566308947,1.0917402169378667
2024-10-16,135.68873596191406,264879700,2024-08-28 15:20:00-05,48,10,2,4,2024,0,0,0.0313068567171297,3607.8711931480825,94,135.68873596191406,NVDA,0.1488191088040669,3,0,0.0,19.39478632238958,0.26400083873214714
2024-10-17,136.89846801757812,306435900,2024-08-28 15:20:00-05,49,10,3,4,2024,0,0,0.0089154935897082,3640.037145643087,95,136.89846801757812,NVDA,0.0,0,0,0.0,19.540519159332334,0.6036364649275373
2024-10-18,137.9682159423828,176090200,2024-08-28 15:20:00-05,50,10,4,4,2024,0,0,0.0078141701678307,3668.481015316367,96,137.9682159423828,NVDA,0.8338752090930939,2,0,0.0,18.98650692739806,-0.687508998649884
2024-10-21,143.67691040039062,264554500,2024-08-28 15:20:00-05,53,10,0,4,2024,0,0,0.041376881037527,3820.271317875539,97,143.67691040039062,NVDA,0.905559241771698,1,0,0.0,19.393557840966697,0.2611378185228115
2024-10-22,143.55694580078125,226311600,2024-08-28 15:20:00-05,54,10,1,4,2024,0,0,-0.0008349608804578,3817.0815407723776,98,143.55694580078125,NVDA,0.8933703899383545,3,0,0.0,19.237423373098924,-0.10273918323888614
2024-10-23,139.52786254882812,285930000,2024-08-28 15:20:00-05,55,10,2,4,2024,0,0,-0.028066097599655,3709.950957703218,99,139.52786254882812,NVDA,1.0,1,0,0.0,19.47125758707928,0.4422198757981824
2024-10-24,140.37767028808594,172354900,2024-08-28 15:20:00-05,56,10,3,4,2024,0,0,0.0060905952670236,3732.546767447095,100,140.37767028808594,NVDA,1.0,1,0,0.0,18.965066286844284,-0.7374771838117016
2024-10-25,141.5074005126953,205122100,2024-08-28 15:20:00-05,57,10,4,4,2024,0,0,0.0080477915204812,3762.585525671955,101,141.5074005126953,NVDA,0.842289924621582,1,0,0.0,19.139115974428833,-0.3318481171442363
2024-10-28,140.48764038085938,173586700,2024-08-28 15:20:00-05,60,10,0,4,2024,0,0,-0.0072064084856428,3735.470797411797,102,140.48764038085938,NVDA,1.0,1,0,0.0,18.97218775011319,-0.7208803571286915
2024-10-29,141.21746826171875,157593600,2024-08-28 15:20:00-05,61,10,1,4,2024,0,0,0.0051949614847315,3754.87642433169,103,141.21746826171875,NVDA,0.8888035416603088,1,0,0.0,18.87553013177186,-0.9461444185482062
2024-10-30,139.3079071044922,179418100,2024-08-28 15:20:00-05,62,10,2,4,2024,0,0,-0.0135221313675413,3704.102492052993,104,139.3079071044922,NVDA,0.9092490077018738,2,0,0.0,19.005229399935065,-0.6438756019670955
2024-10-31,132.72943115234375,270039600,2024-08-28 15:20:00-05,63,10,3,4,2024,1,0,-0.0472225596441847,3529.185291193847,105,132.72943115234375,NVDA,0.0,0,0,0.0,19.41407917657797,0.30896353040021657
2024-11-01,135.3688201904297,207127800,2024-08-28 15:20:00-05,64,11,4,4,2024,0,1,0.0198854844413256,3599.364850392438,106,135.3688201904297,NVDA,0.0,0,0,0.0,19.148846556854323,-0.3091706442791092
2024-11-04,136.0186767578125,187528200,2024-08-28 15:20:00-05,67,11,0,4,2024,0,0,0.0048006370039173,3616.644094483831,107,136.0186767578125,NVDA,0.7744265198707581,1,0,0.0,19.049439797398325,-0.540841678098037
2024-11-05,139.87777709960938,160537400,2024-08-28 15:20:00-05,68,11,1,4,2024,0,0,0.0283718415278233,3719.254947595065,108,139.87777709960938,NVDA,0.0,0,0,0.0,18.89403750142491,-0.9030123268850712
2024-11-06,145.57644653320312,242043900,2024-08-28 15:20:00-05,69,11,2,4,2024,0,0,0.0407403488370825,3870.7786915741326,109,145.57644653320312,NVDA,1.0,1,0,0.0,19.30462967675923,0.053887528398603106
2024-11-07,148.84573364257812,207323300,2024-08-28 15:20:00-05,70,11,3,4,2024,0,0,0.0224575278984389,3957.706812028842,110,148.84573364257812,NVDA,0.0,0,0,0.0,19.149789973404825,-0.30697197802368786
2024-11-08,147.5959930419922,175665800,2024-08-28 15:20:00-05,71,11,4,4,2024,0,0,-0.0083962137845813,3924.4770595383534,111,147.5959930419922,NVDA,0.0,0,0,0.0,18.984093889931646,-0.6931326693896542
2024-11-11,145.22654724121094,182325600,2024-08-28 15:20:00-05,74,11,0,4,2024,0,0,-0.0160535916453173,3861.4751074031087,112,145.22654724121094,NVDA,0.9084004759788512,0,0,0.0,19.02130466314067,-0.6064116219909443
2024-11-12,148.25582885742188,198634700,2024-08-28 15:20:00-05,75,11,1,4,2024,0,0,0.0208590073492522,3942.021645047385,113,148.25582885742188,NVDA,0.8845791220664978,2,0,0.0,19.106978022408846,-0.40674677202483434
2024-11-13,146.23629760742188,191903300,2024-08-28 15:20:00-05,76,11,2,4,2024,0,0,-0.0136219349051172,3888.3236828039862,114,146.23629760742188,NVDA,-0.0637769401073455,2,0,0.0,19.072502162497518,-0.4870940054641194
2024-11-14,146.72618103027344,194463300,2024-08-28 15:20:00-05,77,11,3,4,2024,0,0,0.0033499441032531,3901.349349796735,115,146.72618103027344,NVDA,0.0,0,0,0.0,19.08575401941512,-0.45621007554906845
2024-11-15,141.94729614257812,250132900,2024-08-28 15:20:00-05,78,11,4,4,2024,0,0,-0.0325700897695231,3774.282051251585,116,141.94729614257812,NVDA,1.0,1,0,0.0,19.33750293857517,0.13049984924656458
2024-11-18,140.11770629882812,221866000,2024-08-28 15:20:00-05,81,11,0,4,2024,0,0,-0.0128892194037446,3725.634501801387,117,140.11770629882812,NVDA,0.8735685348510742,1,0,0.0,19.21758415849818,-0.14897518752936173
2024-11-19,146.97613525390625,227834900,2024-08-28 15:20:00-05,82,11,1,4,2024,0,0,0.0489476250806675,3907.9954625831615,118,146.97613525390625,NVDA,0.8687911629676819,1,0,0.0,19.244131806197288,-0.08710493824681367
2024-11-20,145.8563995361328,309871700,2024-08-28 15:20:00-05,83,11,2,4,2024,0,0,-0.0076184866055911,3878.2224514967606,119,145.8563995361328,NVDA,0.8482585549354553,2,0,0.0,19.55166890203464,0.629621341939863
2024-11-21,146.63623046875,400946600,2024-11-20 15:20:00-06,0,11,3,4,2024,0,0,0.0053465664523275,3898.9576255505967,120,146.63623046875,NVDA,0.805121123790741,2,0,0.0,19.809338811815124,1.2301303486668969
2024-11-22,141.91729736328125,236406200,2024-11-20 15:20:00-06,1,11,4,4,2024,0,0,-0.0321812221330554,3773.484404115383,121,141.91729736328125,NVDA,-1.0,1,0,0.0,19.281062074116658,-0.0010376185302148732
2024-11-25,135.98867797851562,344941900,2024-11-20 15:20:00-06,4,11,0,4,2024,0,0,-0.0417751711378034,3615.84644734763,122,135.98867797851562,NVDA,0.2035096685091654,3,0,0.0,19.65888655791572,0.8794959512475669
2024-11-26,136.8884735107422,190287700,2024-11-20 15:20:00-06,5,11,1,4,2024,0,0,0.0066166944601719,3639.771398504628,123,136.8884735107422,NVDA,1.0,1,0,0.0,19.06404770064548,-0.5067974333634151
2024-11-27,135.30882263183594,226370900,2024-11-20 15:20:00-06,6,11,2,4,2024,0,0,-0.0115396924108609,3597.7695561200353,124,135.30882263183594,NVDA,0.0,0,0,0.0,19.23768536688078,-0.10212859729253139
2024-11-29,138.21817016601562,141863200,2024-11-20 15:20:00-06,8,11,4,4,2024,0,0,0.0215015360978771,3675.127128102794,125,138.21817016601562,NVDA,1.0,1,0,0.0,18.770373777983853,-1.1912150890741893
2024-12-02,138.5980682373047,171682800,2024-11-20 15:20:00-06,11,12,0,4,2024,0,0,0.0027485392899699,3685.228359410019,126,138.5980682373047,NVDA,0.0,0,0,0.0,18.96115915195122,-0.7465829024257997
2024-12-03,140.2277069091797,164414000,2024-11-20 15:20:00-06,12,12,1,4,2024,0,0,0.0117580186549552,3728.559343207732,127,140.2277069091797,NVDA,0.9150536954402924,2,0,0.0,18.917898201193662,-0.8474041065455246
2024-12-04,145.10658264160156,231224300,2024-11-20 15:20:00-06,13,12,2,4,2024,0,0,0.0347925231037382,3858.2853302999465,128,145.10658264160156,NVDA,0.8370716273784637,2,0,0.0,19.258898797370513,-0.05268993336970218
2024-12-05,145.03659057617188,172621200,2024-11-20 15:20:00-06,14,12,3,4,2024,0,0,-0.0004823493473246,3856.424288889085,129,145.03659057617188,NVDA,0.0,0,0,0.0,18.966610162210436,-0.7338791266562171
2024-12-06,142.41700744628906,188505600,2024-11-20 15:20:00-06,15,12,4,4,2024,0,0,-0.0180615327447802,3786.771355317548,130,142.41700744628906,NVDA,0.8444021046161652,2,0,0.0,19.054638277938754,-0.5287264319349044
2024-12-09,138.78758239746094,189308600,2024-11-20 15:20:00-06,18,12,0,4,2024,0,0,-0.0254844917324703,3690.2674120202023,131,138.78758239746094,NVDA,0.1426605582237243,3,0,0.0,19.05888905096354,-0.5188198522760258
2024-12-10,135.04820251464844,210020900,2024-11-20 15:20:00-06,19,12,1,4,2024,0,0,-0.0269431876989083,3590.8398444789773,132,135.04820251464844,NVDA,1.0,1,0,0.0,19.162717612300533,-0.2768436498878935
2024-12-11,139.28750610351562,184905200,2024-11-20 15:20:00-06,20,12,2,4,2024,0,0,0.0313910404576274,3703.5600433138775,133,139.28750610351562,NVDA,0.0,0,0,0.0,19.035353824679973,-0.5736695449338957
2024-12-12,137.3178253173828,159211400,2024-11-20 15:20:00-06,21,12,3,4,2024,0,0,-0.014141116035698,3651.187570996201,134,137.3178253173828,NVDA,1.0,1,0,0.0,18.885743443131982,-0.9223419285116872
2024-12-13,134.22833251953125,231514900,2024-11-20 15:20:00-06,22,12,4,4,2024,0,0,-0.0224988474053591,3569.0400589880137,135,134.22833251953125,NVDA,0.5010729432106018,1,0,0.0,19.260154796589713,-0.049762781944786325
2024-12-16,131.9786834716797,237951100,2024-11-20 15:20:00-06,25,12,0,4,2024,0,0,-0.0167598673515833,3509.2234210268875,136,131.9786834716797,NVDA,1.0,1,0,0.0,19.287575752543173,0.014142743683510879
2024-12-17,130.36895751953125,259410300,2024-11-20 15:20:00-06,26,12,1,4,2024,0,0,-0.0121968632343105,3466.4219029019832,137,130.36895751953125,NVDA,0.8183163404464722,1,0,0.0,19.373921539929402,0.21537471160146152
2024-12-18,128.88919067382812,277444500,2024-11-20 15:20:00-06,27,12,2,4,2024,0,0,-0.0113506073367306,3427.0759090187003,138,128.88919067382812,NVDA,0.9599600434303284,2,0,0.0,19.44113147475242,0.3720098857944573
2024-12-19,130.6588897705078,209719200,2024-11-20 15:20:00-06,28,12,3,4,2024,0,0,0.0137303918771447,3474.131004242249,139,130.6588897705078,NVDA,0.0,0,0,0.0,19.161280055819656,-0.2801939270513414
2024-12-20,134.67825317382812,306528600,2024-11-20 15:20:00-06,29,12,4,4,2024,0,0,0.030762265088736,3581.003143147746,140,134.67825317382812,NVDA,-0.1030834913253784,2,0,0.0,19.540821623832006,0.6043413693396319
2024-12-23,139.64744567871094,176053500,2024-11-20 15:20:00-06,32,12,0,4,2024,0,0,0.0368967698034301,3713.130591785828,141,139.64744567871094,NVDA,0.751325269540151,3,0,0.0,18.986298489763513,-0.6879947700656986
2024-12-24,140.19737243652344,105157000,2024-11-20 15:20:00-06,33,12,1,4,2024,0,0,0.0039379650314386,3727.7527702134457,142,140.19737243652344,NVDA,1.0,1,0,0.0,18.470965038971215,-1.8889979408749527
2024-12-26,139.90740966796875,116205600,2024-11-20 15:20:00-06,35,12,3,4,2024,0,0,-0.0020682468117294,3720.042857431536,143,139.90740966796875,NVDA,0.0,0,0,0.0,18.57087160259737,-1.6561620954331424
2024-12-27,136.98788452148438,170582600,2024-11-20 15:20:00-06,36,12,4,4,2024,0,0,-0.0208675520003769,3642.414669660453,144,136.98788452148438,NVDA,0.0,0,0,0.0,18.954730200716476,-0.7615658048669993
2024-12-30,137.46780395507812,167734700,2024-11-20 15:20:00-06,39,12,0,4,2024,0,0,0.0035033713767473,3655.1754009563856,145,137.46780395507812,NVDA,0.0,0,0,0.0,18.937894128464734,-0.800802877731624
2024-12-31,134.26832580566406,155659200,2024-11-20 15:20:00-06,40,12,1,4,2024,1,0,-0.0232743817633079,3570.1034532626745,146,134.26832580566406,NVDA,0.0,0,0,0.0,18.8631795665002,-0.9749278558153689
2025-01-02,138.2876739501953,198247200,2024-11-20 15:20:00-06,42,1,3,1,2025,0,0,0.0299351922384787,3676.9751864473496,147,138.2876739501953,NVDA,0.9158776998519896,1,0,0.0,19.105025299842364,-0.4112976623084953
2025-01-03,144.44668579101562,229322500,2024-11-20 15:20:00-06,43,1,4,1,2025,0,0,0.0445376776171568,3840.739121907627,148,144.44668579101562,NVDA,0.0,0,0,0.0,19.25063987210232,-0.07193765621658497
2025-01-06,149.40586853027344,265377400,2024-11-20 15:20:00-06,46,1,0,1,2025,0,0,0.034332270845125,3972.600417686427,149,149.40586853027344,NVDA,0.8928057849407196,2,0,0.0,19.396663525520953,0.2683757282518633
2025-01-07,140.11737060546875,351782200,2024-11-20 15:20:00-06,47,1,1,1,2025,0,0,-0.0621695654673872,3725.625575943301,150,140.11737060546875,NVDA,0.7424347400665283,2,0,0.0,19.678522794900257,0.9252589088916534
2025-01-08,140.08738708496094,227349900,2024-11-20 15:20:00-06,48,1,2,1,2025,0,0,-0.0002139886038272,3724.828334527922,151,140.08738708496094,NVDA,0.8628308176994324,1,0,0.0,19.242000802783252,-0.09207131846786715
2025-01-10,135.88807678222656,207602500,2024-11-20 15:20:00-06,50,1,4,1,2025,0,0,-0.0299763625413868,3613.171529967683,152,135.88807678222656,NVDA,0.8602102001508077,1,0,0.0,19.151135756389607,-0.3038355822988249
2025-01-13,133.20849609375,204808900,2024-11-20 15:20:00-06,53,1,0,1,2025,0,0,-0.0197190272460094,3541.9233021237446,153,133.20849609375,NVDA,0.0,0,0,0.0,19.13758791209925,-0.33540932144836727
2025-01-14,131.7387237548828,195590500,2024-11-20 15:20:00-06,54,1,1,1,2025,0,0,-0.0110336230943767,3502.8430553789212,154,131.7387237548828,NVDA,1.0,1,0,0.0,19.09153375099107,-0.44274020290938515
2025-01-15,136.218017578125,185217300,2024-11-20 15:20:00-06,55,1,2,1,2025,0,0,0.0340013452048959,3621.944431303432,155,136.218017578125,NVDA,0.6609731912612915,1,0,0.0,19.037040293739736,-0.5697391680388331
2025-01-16,133.54844665527344,209235600,2024-11-20 15:20:00-06,56,1,3,1,2025,0,0,-0.0195977813384377,3550.9623563187756,156,133.54844665527344,NVDA,1.0,2,0,0.0,19.158971452540847,-0.28557421015488893
2025-01-17,137.68777465820312,201188800,2024-11-20 15:20:00-06,57,1,4,1,2025,0,0,0.0309949543150769,3661.024272327434,157,137.68777465820312,NVDA,0.0,0,0,0.0,19.119754333606927,-0.3769711185396004
2025-01-21,140.80726623535156,197749000,2024-11-20 15:20:00-06,61,1,1,1,2025,0,0,0.0226562712985396,3743.969431471823,158,140.80726623535156,NVDA,1.0,1,0,0.0,19.102509112766153,-0.4171617269296294
2025-01-22,147.04627990722656,237651400,2024-11-20 15:20:00-06,62,1,2,1,2025,0,0,0.0443088900074719,3909.860561202245,159,147.04627990722656,NVDA,0.0,0,0,0.0,19.286315456230984,0.01120557772859099
2025-01-23,147.1962432861328,155915500,2024-11-20 15:20:00-06,63,1,3,1,2025,0,0,0.001019837965305,3913.847985441608,160,147.1962432861328,NVDA,0.0,0,0,0.0,18.86482475820649,-0.9710936772795039
2025-01-24,142.5969696044922,234657600,2024-11-20 15:20:00-06,64,1,4,1,2025,0,0,-0.0312458632025014,3791.5564266931137,161,142.5969696044922,NVDA,0.8654053807258606,1,0,0.0,19.273637992605696,-0.018339707927484038
2025-01-27,118.40087890625,818830900,2024-11-20 15:20:00-06,67,1,0,1,2025,0,0,-0.1696816612958368,3148.1988333149193,162,118.40087890625,NVDA,0.2460809051990509,6,1,1.9364567144517943,20.52338815041399,2.89424805430586
2025-01-28,128.9691925048828,579666400,2024-11-20 15:20:00-06,68,1,1,1,2025,0,0,0.0892587428088336,3429.203103288846,163,128.9691925048828,NVDA,0.922881007194519,1,0,0.0,20.17796332534097,2.089223056314539
2025-01-29,123.6800308227539,467120600,2024-11-20 15:20:00-06,69,1,2,1,2025,0,0,-0.041011047517636,3288.567891872242,164,123.6800308227539,NVDA,-0.1681596040725708,2,0,0.0,19.962098028546023,1.5861412060682198
2025-01-30,124.6298828125,392925500,2024-11-20 15:20:00-06,70,1,3,1,2025,0,0,0.0076799139151844,3313.82381018606,165,124.6298828125,NVDA,0.9459097584088644,3,0,0.0,19.789130586978345,1.1830343527285707
2025-01-31,120.05062103271484,390372900,2024-11-20 15:20:00-06,71,1,4,1,2025,1,0,-0.0367428876321295,3192.0643542957187,166,120.05062103271484,NVDA,0.9345220029354095,2,0,0.0,19.78261299667186,1.1678448737376537
2025-02-03,116.64117431640624,371235700,2024-11-20 15:20:00-06,74,2,0,1,2025,0,0,-0.0284000756262601,3101.4094852298313,167,116.64117431640624,NVDA,-1.0,2,0,0.0,19.732347731514515,1.050699862594436
2025-02-04,118.63085174560548,256550000,2024-11-20 15:20:00-06,75,2,1,1,2025,0,0,0.0170581052605141,3154.313654684838,168,118.63085174560548,NVDA,0.0,2,0,0.0,19.362834139250122,0.1895351249195275
2025-02-05,124.80985260009766,262230800,2024-11-20 15:20:00-06,76,2,2,1,2025,0,0,0.0520859520400525,3318.6090844220357,169,124.80985260009766,NVDA,1.0,1,0,0.0,19.38473559379053,0.2405772536769852
2025-02-06,128.65921020507812,251483600,2024-11-20 15:20:00-06,77,2,3,1,2025,0,0,0.0308417767090405,3420.9608847883737,170,128.65921020507812,NVDA,0.253715455532074,4,0,0.0,19.342888340606773,0.1430507226783084
2025-02-07,129.81903076171875,228186300,2024-11-20 15:20:00-06,78,2,4,1,2025,0,0,0.0090146718201666,3451.799724474368,171,129.81903076171875,NVDA,0.0,0,0,0.0,19.24567296291549,-0.08351321699831475
2025-02-10,133.54844665527344,216989100,2024-11-20 15:20:00-06,81,2,0,1,2025,0,0,0.0287278057128617,3550.962356318777,172,133.54844665527344,NVDA,0.9052140911420188,3,0,0.0,19.195357684436924,-0.20077478598825713
2025-02-11,132.77857971191406,178902400,2024-11-20 15:20:00-06,82,2,1,1,2025,0,0,-0.0057647015943705,3530.4921179617563,173,132.77857971191406,NVDA,0.8517797589302063,1,0,0.0,19.002350969294422,-0.6505838882641539
2025-02-12,131.11883544921875,160278600,2024-11-20 15:20:00-06,83,2,2,1,2025,0,0,-0.0125000904987567,3486.360646982087,174,131.11883544921875,NVDA,0.0,0,0,0.0,18.892424115218954,-0.906772381556692
2025-02-13,135.26815795898438,197430000,2024-11-20 15:20:00-06,84,2,3,1,2025,0,0,0.0316455106968411,3596.6883101292046,175,135.26815795898438,NVDA,0.0,0,0,0.0,19.100894654165497,-0.42092428085572753
2025-02-14,138.8275909423828,195479600,2024-11-20 15:20:00-06,85,2,4,1,2025,0,0,0.0263139014909756,3691.331212015688,176,138.8275909423828,NVDA,-0.044558435678482,2,0,0.0,19.09096658923462,-0.4440619938135293
2025-02-18,139.37750244140625,219176600,2024-11-20 15:20:00-06,89,2,1,1,2025,0,0,0.0039611110103585,3705.952984722484,177,139.37750244140625,NVDA,0.5165942907333374,6,1,1.3522057827584648,19.205388360077468,-0.17739793507526103
2025-02-19,139.20751953125,167536000,2024-11-20 15:20:00-06,90,2,2,1,2025,0,0,-0.0012195864266379,3701.4332547645577,178,139.20751953125,NVDA,0.0,0,0,0.0,18.936708817478248,-0.803565287683813
2025-02-20,140.08738708496094,143903600,2024-11-20 15:20:00-06,91,2,3,1,2025,0,0,0.0063205461649895,3724.8283345279247,179,140.08738708496094,NVDA,0.0,0,0,0.0,18.78465419586694,-1.1579340607774646
2025-02-21,134.40829467773438,228217600,2024-11-20 15:20:00-06,92,2,4,1,2025,0,0,-0.040539641186842,3573.82513036358,180,134.40829467773438,NVDA,0.9272722601890564,2,0,0.0,19.245810122128685,-0.0831935625111068
2025-02-24,130.25897216796875,251381100,2024-11-20 15:20:00-06,95,2,0,1,2025,0,0,-0.0308710300931522,3463.497467216462,181,130.25897216796875,NVDA,0.0,2,0,0.0,19.34248067627475,0.14210064626733027
2025-02-25,126.60956573486328,271428700,2024-11-20 15:20:00-06,96,2,1,1,2025,0,0,-0.028016545596564,3366.462232502608,182,126.60956573486328,NVDA,1.0,2,0,0.0,19.4192100514318,0.32092121907538573
2025-02-26,131.25881958007812,322553800,2024-11-20 15:20:00-06,97,2,2,1,2025,0,0,0.0367211894159007,3490.0827298038125,183,131.25881958007812,NVDA,0.9510112404823304,2,0,0.0,19.591780505092594,0.7231028777974345
2025-02-27,120.130615234375,443175800,2025-02-26 15:20:00-06,0,2,3,1,2025,0,0,-0.0847806218378648,3194.1913457054525,184,120.130615234375,NVDA,0.0,0,0,0.0,19.909477091274912,1.463506216206032
2025-02-28,124.89983367919922,389091100,2025-02-26 15:20:00-06,1,2,4,1,2025,1,0,0.0397002748676469,3321.001620109818,185,124.89983367919922,NVDA,0.0,0,0,0.0,19.779324066965923,1.1601799045816177
2025-03-03,114.04158782958984,411381400,2025-02-26 15:20:00-06,4,3,0,1,2025,0,0,-0.0869356309752853,3032.288248795626,186,114.04158782958984,NVDA,-0.1789378821849823,2,0,0.0,19.835031325118877,1.2900076764367616
2025-03-04,115.97127532958984,398163300,2025-02-26 15:20:00-06,5,3,1,1,2025,0,0,0.0169209104917364,3083.597326838641,187,115.97127532958984,NVDA,0.0,0,0,0.0,19.802372783117136,1.2138957678505933
2025-03-05,117.28106689453124,284337900,2025-02-26 15:20:00-06,6,3,2,1,2025,0,0,0.0112941033132469,3118.423793624409,188,117.28106689453124,NVDA,0.0,0,0,0.0,19.46567388113712,0.42920684795943503
2025-03-06,110.55215454101562,321181900,2025-02-26 15:20:00-06,7,3,3,1,2025,0,0,-0.0573742423367176,2939.506591180416,189,110.55215454101562,NVDA,0.0,0,0,0.0,19.58751819037953,0.7131693998182624
2025-03-07,112.67181396484376,341755500,2025-02-26 15:20:00-06,8,3,4,1,2025,0,0,0.0191733886384071,2995.8668934582774,190,112.67181396484376,NVDA,0.0,0,0,0.0,19.6496061300006,0.8578675796846641
2025-03-10,106.96273040771484,366487400,2025-02-26 15:20:00-06,11,3,0,1,2025,0,0,-0.0506700243497479,2844.0662450181426,191,106.96273040771484,NVDA,0.0,0,0,0.0,19.719474702165304,1.0206988039739364
2025-03-11,108.74244689941406,354865700,2025-02-26 15:20:00-06,12,3,1,1,2025,0,0,0.0166386598856946,2891.3876959613845,192,108.74244689941406,NVDA,0.9092426300048828,1,0,0.0,19.687249968821273,0.9455979020915519
2025-03-12,115.73196411132812,323857500,2025-02-26 15:20:00-06,13,3,2,1,2025,0,0,0.0642758868427828,3077.234204325613,193,115.73196411132812,NVDA,-1.0,1,0,0.0,19.59581416528266,0.732503468173996
2025-03-13,115.5719757080078,299033100,2025-02-26 15:20:00-06,14,3,3,1,2025,0,0,-0.0013824046325388,3072.9802215061463,194,115.5719757080078,NVDA,-1.0,1,0,0.0,19.51606483091316,0.5466447716340289
2025-03-14,121.66155242919922,277593500,2025-02-26 15:20:00-06,15,3,4,1,2025,0,0,0.0526907728615517,3234.8979243655676,195,121.66155242919922,NVDA,0.0,1,0,0.0,19.44166837493959,0.3732611510212832
2025-03-17,119.52169799804688,255501500,2025-02-26 15:20:00-06,18,3,0,1,2025,0,0,-0.0175885839727191,3178.000650579689,196,119.52169799804688,NVDA,0.7068979740142822,1,0,0.0,19.35873884234616,0.1799908879609095
2025-03-18,115.42198181152344,299686900,2025-02-26 15:20:00-06,19,3,1,1,2025,0,0,-0.0343010202765896,3068.99198582514,197,115.42198181152344,NVDA,0.9375078678131104,2,0,0.0,19.518248824291337,0.5517346468753624
2025-03-19,117.51183319091795,273426200,2025-02-26 15:20:00-06,20,3,2,1,2025,0,0,0.0181061817393424,3124.5597124770757,198,117.51183319091795,NVDA,0.0,0,0,0.0,19.426542311605285,0.33800931553800495
2025-03-20,118.52176666259766,248829700,2025-02-26 15:20:00-06,21,3,3,1,2025,0,0,0.0085943129662429,3151.4131565278176,199,118.52176666259766,NVDA,0.8643791675567627,1,0,0.0,19.332279288714076,0.1183259450749537
2025-03-21,117.69182586669922,266498500,2025-02-26 15:20:00-06,22,3,4,1,2025,0,0,-0.0070024335551888,3129.3455952942836,200,117.69182586669922,NVDA,0.0,0,0,0.0,19.400879176788877,0.27820045539119026
2025-03-24,121.40157318115234,228452500,2025-02-26 15:20:00-06,25,3,0,1,2025,0,0,0.0315208578602126,3227.985252999037,201,121.40157318115234,NVDA,0.0,0,0,0.0,19.24683887360459,-0.08079602013802867
2025-03-25,120.68162536621094,167447200,2025-02-26 15:20:00-06,26,3,1,1,2025,0,0,-0.0059303005395746,3208.8423303114378,202,120.68162536621094,NVDA,0.0,0,0,0.0,18.93617864162734,-0.8048008816027572
2025-03-26,113.75210571289062,293463300,2025-02-26 15:20:00-06,27,3,2,1,2025,0,0,-0.0574198402805111,3024.5911162196116,203,113.75210571289062,NVDA,-1.0,1,0,0.0,19.497263150232094,0.5028267775182085
2025-03-27,111.4222640991211,236902100,2025-02-26 15:20:00-06,28,3,3,1,2025,0,0,-0.020481744923914,2962.642212478065,204,111.4222640991211,NVDA,0.0,0,0,0.0,19.283157537810666,0.003845935093075762
2025-03-28,109.66238403320312,229872500,2025-02-26 15:20:00-06,29,3,4,1,2025,0,0,-0.0157946895097409,2915.848198603522,205,109.66238403320312,NVDA,0.7804449200630188,2,0,0.0,19.253035369704058,-0.06635486276327504
2025-03-31,108.37247467041016,299212700,2025-02-26 15:20:00-06,32,3,0,1,2025,1,0,-0.0117625507977504,2881.550386048919,206,108.37247467041016,NVDA,0.668590247631073,1,0,0.0,19.516665253029938,0.5480440770060501
2025-04-01,110.14234924316406,222614000,2025-02-26 15:20:00-06,33,4,1,2,2025,0,1,0.0163314031366041,2928.610147061921,207,110.14234924316406,NVDA,0.0,0,0,0.0,19.220949892401872,-0.14113122342375267
2025-04-02,110.4123306274414,220601200,2025-02-26 15:20:00-06,34,4,2,2,2025,0,0,0.0024512041565529,2935.7887684273223,208,110.4123306274414,NVDA,0.9815278798341752,4,0,0.0,19.21186710901183,-0.16229897730125253
2025-04-03,101.79293060302734,338769400,2025-02-26 15:20:00-06,35,4,3,2,2025,0,0,-0.0780655564050908,2706.604784732227,209,101.79293060302734,NVDA,0.0,0,0,0.0,19.64083020084291,0.8374149606494009
2025-04-04,94.30345153808594,532273800,2025-02-26 15:20:00-06,36,4,4,2,2025,0,0,-0.0735756306511001,2507.4646307722683,210,94.30345153808594,NVDA,0.0,0,0,0.0,20.0926685784459,1.8904405761226237
2025-04-07,97.63321685791016,611041300,2025-02-26 15:20:00-06,39,4,0,2,2025,0,0,0.035309050363649,2596.000825705275,211,97.63321685791016,NVDA,0.2655387918154399,3,0,0.0,20.23067511059606,2.2120697706759884
2025-04-08,96.29331970214844,476243400,2025-02-26 15:20:00-06,40,4,1,2,2025,0,0,-0.0137237837580598,2560.373871737551,212,96.29331970214844,NVDA,0.0,0,0,0.0,19.981439628141207,1.6312175006627663
2025-04-09,114.32205963134766,612918300,2025-02-26 15:20:00-06,41,4,2,2,2025,0,0,0.1872273173774168,3039.745803226203,213,114.32205963134766,NVDA,-1.0,1,0,0.0,20.23374220769364,2.2192177509472315
2025-04-10,107.56253051757812,437812400,2025-02-26 15:20:00-06,42,4,3,2,2025,0,0,-0.0591270760478499,2860.0145219527144,214,107.56253051757812,NVDA,0.0,0,0,0.0,19.897301068371377,1.4351295562152837
2025-04-11,110.92229461669922,313417300,2025-02-26 15:20:00-06,43,4,4,2,2025,0,0,0.0312354505138017,2949.348364021923,215,110.92229461669922,NVDA,0.0,0,0,0.0,19.563046090574367,0.6561362896695352
2025-04-14,110.70230865478516,264705000,2025-02-26 15:20:00-06,46,4,0,2,2025,0,0,-0.0019832438796387,2943.4990869300536,216,110.70230865478516,NVDA,1.0,1,0,0.0,19.39412656010537,0.2624632389623279
2025-04-15,112.19220733642578,228966900,2025-02-26 15:20:00-06,47,4,1,2,2025,0,0,0.0134586053330354,2983.1144794391953,217,112.19220733642578,NVDA,0.0,0,0,0.0,19.249088013954115,-0.07555431753320213
2025-04-16,104.48274230957033,397016900,2025-02-26 15:20:00-06,48,4,2,2,2025,0,0,-0.0687165821039373,2778.1250483873673,218,104.48274230957033,NVDA,0.5567995309829712,1,0,0.0,19.799489409533724,1.2071759618473514
2025-04-17,101.48294830322266,290833400,2025-02-26 15:20:00-06,49,4,3,2,2025,0,0,-0.0287109042128661,2698.3625662317536,219,101.48294830322266,NVDA,0.0,0,0,0.0,19.488261156037478,0.4818473057708994
2025-04-21,96.9032745361328,288501100,2025-02-26 15:20:00-06,53,4,0,2,2025,0,0,-0.0451275198805434,2576.592155879216,220,96.9032745361328,NVDA,0.0,0,0,0.0,19.480209460196306,0.463082538568671
2025-04-22,98.88313293457033,241004800,2025-02-26 15:20:00-06,54,4,1,2,2025,0,0,0.0204312847828405,2629.2352439852175,221,98.88313293457033,NVDA,0.0,0,0,0.0,19.30032741241833,0.043860946372660845
2025-04-23,102.70286560058594,247526000,2025-02-26 15:20:00-06,55,4,2,2,2025,0,0,0.0386287585420972,2730.799337375495,222,102.70286560058594,NVDA,0.0,0,0,0.0,19.32702618900063,0.10608340696157054
2025-04-24,106.422607421875,220815000,2025-02-26 15:20:00-06,56,4,3,2,2025,0,0,0.036218481339705,2829.7047422187084,223,106.422607421875,NVDA,0.0,0,0,0.0,19.21283580937104,-0.16004138621884645
2025-04-25,111.0022964477539,251064700,2025-02-26 15:20:00-06,57,4,4,2,2025,0,0,0.0430330466131536,2951.475558292068,224,111.0022964477539,NVDA,0.0,0,0,0.0,19.341221236786698,0.1391654771719268
2025-04-28,108.72245025634766,207708500,2025-02-26 15:20:00-06,60,4,0,2,2025,0,0,-0.0205387299575312,2890.8559988240536,225,108.72245025634766,NVDA,0.0,0,0,0.0,19.151646217233605,-0.30264593491367486
2025-04-29,109.0124282836914,170444300,2025-02-26 15:20:00-06,61,4,1,2,2025,0,0,0.0026671402885056,2898.5663173267853,226,109.0124282836914,NVDA,0.0,0,0,0.0,18.95391912096429,-0.763456055446807
2025-04-30,108.91243743896484,235044600,2025-02-26 15:20:00-06,62,4,2,2,2025,1,0,-0.0009172426144508,2895.9076287797216,227,108.91243743896484,NVDA,0.0,0,0,0.0,19.275285845589668,-0.014499327188110927
2025-05-01,111.6022491455078,236121500,2025-02-26 15:20:00-06,63,5,3,2,2025,0,1,0.0246970113771474,2967.4278924348623,228,111.6022491455078,NVDA,1.0,1,0,0.0,19.279857065253708,-0.003845935093075762
2025-05-02,114.49205017089844,190194800,2025-02-26 15:20:00-06,64,5,4,2,2025,0,0,0.0258937525678615,3044.2657360445414,229,114.49205017089844,NVDA,0.0,0,0,0.0,19.063559373317116,-0.5079354977930746
2025-05-05,113.81209564208984,133163200,2025-02-26 15:20:00-06,67,5,0,2,2025,0,0,-0.0059388798418199,3026.1862076316033,230,113.81209564208984,NVDA,0.8553020060062408,2,0,0.0,18.70708600913255,-1.3387095141828231
2025-05-06,113.53211975097656,158525600,2025-02-26 15:20:00-06,68,5,1,2,2025,0,0,-0.0024599836206665,3018.7418391277424,231,113.53211975097656,NVDA,-1.0,1,0,0.0,18.881426658743308,-0.9324023500320189
2025-05-07,117.05187225341795,206758800,2025-02-26 15:20:00-06,69,5,2,2,2025,0,0,0.0310022618282974,3112.3296640164167,232,117.05187225341795,NVDA,-0.1935612857341766,2,0,0.0,19.147063459281295,-0.3133262174051637
2025-05-08,117.36185455322266,198428100,2025-02-26 15:20:00-06,70,5,3,2,2025,0,0,0.0026482472585622,3120.57188251689,233,117.36185455322266,NVDA,0.0,0,0,0.0,19.105937380890158,-0.40917202457092694
2025-05-09,116.64189910888672,132972200,2025-02-26 15:20:00-06,71,5,4,2,2025,0,0,-0.0061344927368154,3101.42875696888,234,116.64189910888672,NVDA,0.6146749258041382,1,0,0.0,18.705650649301745,-1.3420546719741477
2025-05-12,122.99146270751952,225023300,2025-02-26 15:20:00-06,74,5,0,2,2025,0,0,0.0544363873285826,3270.2593340552426,235,122.99146270751952,NVDA,0.8921502828598022,1,0,0.0,19.23171451480673,-0.11604388313772934
2025-05-13,129.9209747314453,330430100,2025-02-26 15:20:00-06,75,5,1,2,2025,0,0,0.0563414067235263,3454.5103452866574,236,129.9209747314453,NVDA,0.8026875555515289,2,0,0.0,19.615905700182864,0.7793275140116379
2025-05-14,135.33059692382812,281180800,2025-02-26 15:20:00-06,76,5,2,2,2025,0,0,0.0416377894605919,3598.34851973314,237,135.33059692382812,NVDA,0.908728301525116,1,0,0.0,19.45450844032099,0.40318538592734493
2025-05-15,134.8206329345703,226632600,2025-02-26 15:20:00-06,77,5,3,2,2025,0,0,-0.0037682830110092,3584.788924138539,238,134.8206329345703,NVDA,1.0,1,0,0.0,19.238840766465806,-0.09943589693893352
2025-05-16,135.39059448242188,226542500,2025-02-26 15:20:00-06,78,5,4,2,2025,0,0,0.0042275543100895,3599.9438140055427,239,135.39059448242188,NVDA,0.7537431716918945,3,0,0.0,19.238443127668837,-0.10036260847931942
2025-05-19,135.5605926513672,193154600,2025-02-26 15:20:00-06,81,5,0,2,2025,0,0,0.0012556128407235,3604.463949684291,240,135.5605926513672,NVDA,0.8362529128789902,4,0,0.0,19.079001467657466,-0.4719471406658912
2025-05-20,134.37066650390625,161514200,2025-02-26 15:20:00-06,82,5,1,2,2025,0,0,-0.0087778175367023,3572.8246228163407,241,134.37066650390625,NVDA,0.6876581907272339,1,0,0.0,18.90010362864975,-0.8888749988688883
2025-05-21,131.7908477783203,270608700,2025-02-26 15:20:00-06,83,5,2,2,2025,0,0,-0.0191992701436137,3504.2289977071346,242,131.7908477783203,NVDA,0.684262216091156,1,0,0.0,19.416184427655562,0.3138698938735153
2025-05-22,132.82078552246094,187344000,2025-02-26 15:20:00-06,84,5,3,2,2025,0,0,0.0078149413369965,3531.614341755618,243,132.82078552246094,NVDA,0.7476340085268021,2,0,0.0,19.048457062408417,-0.5431319773928521
2025-05-23,131.2808837890625,198821300,2025-02-26 15:20:00-06,85,5,4,2,2025,0,0,-0.0115938309455189,3490.6694021125336,244,131.2808837890625,NVDA,0.8912286162376404,1,0,0.0,19.107916994334147,-0.4045584641285522
2025-05-27,135.49058532714844,192953600,2025-02-26 15:20:00-06,89,5,1,2,2025,0,0,0.032066371101294,3602.6025025526064,245,135.49058532714844,NVDA,1.0,3,0,0.0,19.07796030863978,-0.474373599262037
2025-05-28,134.80064392089844,304021100,2025-02-26 15:20:00-06,90,5,2,2,2025,0,0,-0.0050921723054343,3584.2574298616196,246,134.80064392089844,NVDA,0.0,0,0,0.0,19.53260766814586,0.5851984497236438
2025-05-29,139.1803436279297,369241900,2025-05-28 15:20:00-05,0,5,3,2,2025,0,0,0.0324901987085557,3700.710665980441,247,139.1803436279297,NVDA,0.9734751284122468,2,0,0.0,19.72696254548593,1.0381494925655028
2025-05-30,135.12062072753906,333170900,2025-05-28 15:20:00-05,1,5,4,2,2025,0,0,-0.0291687949215261,3592.765395500553,248,135.12062072753906,NVDA,0.8523696064949036,1,0,0.0,19.624166132510535,0.7985787491149188
2025-06-02,137.37046813964844,197663100,2025-05-28 15:20:00-05,4,6,0,2,2025,0,0,0.0166506592405761,3652.5873078323666,249,137.37046813964844,NVDA,0.8885983228683472,1,0,0.0,19.102074629345353,-0.41817430619310086
2025-06-03,141.21018981933594,225578800,2025-05-28 15:20:00-05,5,6,1,2,2025,0,0,0.0279515803628485,3754.682895499563,250,141.21018981933594,NVDA,0.0,0,0,0.0,19.234180105974403,-0.11029773410404457
2025-06-04,141.91014099121094,167120800,2025-05-28 15:20:00-05,6,6,2,2,2025,0,0,0.0049568035619136,3773.294121049832,251,141.91014099121094,NVDA,0.8579757213592529,2,0,0.0,18.934227468164238,-0.8093481616451865
2025-06-05,139.98028564453125,231397900,2025-05-28 15:20:00-05,7,6,3,2,2025,0,0,-0.0135991362787752,3721.9805800777735,252,139.98028564453125,NVDA,0.0,0,0,0.0,19.259649301809763,-0.05094085573878322
2025-06-06,141.7101593017578,153986200,2025-05-28 15:20:00-05,8,6,4,2,2025,0,0,0.0123579806203528,3767.976743955705,253,141.7101593017578,NVDA,0.0,0,0,0.0,18.85237355246713,-1.0001116607819813
2025-06-09,142.62010192871094,185114500,2025-05-28 15:20:00-05,11,6,0,2,2025,0,0,0.006421153087659,3792.171499459383,254,142.62010192871094,NVDA,0.9023092985153198,1,0,0.0,19.036485115912257,-0.5710330299648161
2025-06-10,143.95001220703125,155881900,2025-05-28 15:20:00-05,12,6,1,2,2025,0,0,0.0093248445368876,3827.532909149058,255,143.95001220703125,NVDA,0.9190393686294556,1,0,0.0,18.86460923363884,-0.9715959650481968
2025-06-11,142.8300018310547,167694000,2025-05-28 15:20:00-05,13,6,2,2,2025,0,0,-0.0077805507537279,3797.75259508786,256,142.8300018310547,NVDA,0.0,0,0,0.0,18.937651453941314,-0.8013684394502633
2025-06-12,145.0,162365000,2025-05-28 15:20:00-05,14,6,3,2,2025,0,0,0.0151928736338746,3855.4513703577495,257,145.0,NVDA,0.0,0,0,0.0,18.905357451382258,-0.876630775733533
2025-06-13,141.97000122070312,180820600,2025-05-28 15:20:00-05,15,6,4,2,2025,0,0,-0.0208965433054957,3774.885763834836,258,141.97000122070312,NVDA,0.0,0,0,0.0,19.013015943015343,-0.6257287828256638
2025-06-16,144.69000244140625,183133700,2025-05-28 15:20:00-05,18,6,0,2,2025,0,0,0.0191589856822969,3847.208746136454,259,144.69000244140625,NVDA,0.7052704691886902,1,0,0.0,19.025727050600025,-0.5961050887102716
2025-06-17,144.1199951171875,139108000,2025-05-28 15:20:00-05,19,6,1,2,2025,0,0,-0.0039395073232484,3832.052639106984,260,144.1199951171875,NVDA,0.0,0,0,0.0,18.750761175009423,-1.2369229668063626
2025-06-18,145.47999572753906,161494100,2025-05-28 15:20:00-05,20,6,2,2,2025,0,0,0.0094365851819917,3868.2141302577934,261,145.47999572753906,NVDA,0.0,0,0,0.0,18.899979173644095,-0.889165045742779
2025-06-20,143.85000610351562,242956200,2025-05-28 15:20:00-05,22,6,4,2,2025,0,0,-0.0112042182560697,3824.873814881172,262,143.85000610351562,NVDA,0.5529025197029114,1,0,0.0,19.308391742260785,0.06265515756999189
2025-06-23,144.1699981689453,152144600,2025-05-28 15:20:00-05,25,6,0,2,2025,0,0,0.0022244841977929,3833.3821862409272,263,144.1699981689453,NVDA,0.0,0,0,0.0,18.840341948958628,-1.0281517461702225
