time_idx,date,close,volume,days_since_earning,month,day_of_week,quarter,year,is_month_end,is_month_start,rolling_volatility,return_1d,cumulative_return,unique_id,daily_sentiment,post_count,spike_presence,spike_intensity,volume_log1p,volume_norm
0,2024-06-04,174.7700043,60056300,41,6,1,2,2024,0,0,3.603888165,-0.008622095,109.7341793,TSLA,0.905302763,1,0,0.0,17.910793030211227,-1.7400901764078123
1,2024-06-05,175.0,57953800,42,6,2,2,2024,0,0,2.102252771,0.001315991,109.8785884,TSLA,0.0,1,0,0.0,17.875156716625785,-1.8400368476318638
2,2024-06-07,177.4799957,56244900,44,6,4,2,2024,0,0,1.515461121,-0.002585179,111.4357223,TSLA,0.599821627,1,0,0.0,17.845225946051055,-1.923981582233623
3,2024-06-10,173.7899933,50774600,47,6,0,2,2024,0,0,1.618076939,-0.020791089,109.1188523,TSLA,-0.11412812775,4,0,0.0,17.742906807201916,-2.2109489001623963
4,2024-06-11,170.6600037,64761900,48,6,1,2,2024,0,0,2.449381602,-0.018010183,107.1536017,TSLA,-1.0,1,0,0.0,17.98622804088271,-1.528522888666648
5,2024-06-12,177.2899933,90389400,49,6,2,2,2024,0,0,2.488292948,0.038849112,111.316424,TSLA,-0.0467343029999999,2,0,0.0,18.319637572913383,-0.5934325404200987
6,2024-06-13,182.4700012,118984100,50,6,3,2,2024,0,0,3.133702059,0.029217712,114.5688352,TSLA,0.2793479363333333,4,0,0.0,18.59450043710784,0.17745607165471883
7,2024-06-14,178.0099945,82038200,51,6,4,2,2024,0,0,3.12955025,-0.024442411,111.7684967,TSLA,0.157807231,5,0,0.0,18.22269556260038,-0.8653190027872526
8,2024-06-17,187.4400024,109786100,54,6,0,2,2024,0,0,4.693412479,0.052974598,117.6893879,TSLA,0.4537794193333333,6,0,0.0,18.51404449432773,-0.04819307249103216
9,2024-06-18,184.8600006,68982300,55,6,1,2,2024,0,0,5.11090049,-0.013764414,116.0694624,TSLA,0.906927705,0,0,0.0,18.049360522411547,-1.3514596422174219
10,2024-06-21,183.0099945,61937300,58,6,4,2,2024,0,0,5.151956304,0.007930755,114.9078849,TSLA,0.0,1,0,0.0,17.941633157133072,-1.6535950337894456
11,2024-06-25,187.3500061,62905700,62,6,1,2,2024,0,0,5.083657372,0.026125557,117.6328812,TSLA,0.9364625813333332,3,0,0.0,17.95714735349353,-1.6100834545340272
12,2024-06-26,196.3699951,95737100,63,6,2,2,2024,0,0,5.465740885,0.048145123,123.2963307,TSLA,0.23047479975,4,0,0.0,18.377116461545395,-0.43222552974954487
13,2024-06-27,197.4199982,72746500,64,6,3,2,2024,0,0,6.320993885,0.005347065,123.9556042,TSLA,0.464767903,2,0,0.0,18.102491366639285,-1.2024472869648488
14,2024-06-28,197.8800049,95438100,65,6,4,2,2024,0,0,7.158467481,0.002330092,124.2444321,TSLA,0.920008004,1,0,0.0,18.373988438238293,-0.4409984774986587
15,2024-07-01,209.8600006,135691400,68,7,0,3,2024,0,1,9.190385722,0.060541719,131.7664036,TSLA,-0.4176631769999999,4,0,0.0,18.72589375507436,0.5459657021570642
16,2024-07-02,231.2599945,205047900,69,7,1,3,2024,0,0,15.60231909,0.101972714,145.2029815,TSLA,-0.3930339416666666,2,0,0.0,19.138754173222274,1.7038863825641088
17,2024-07-05,251.5200043,154501200,72,7,4,3,2024,0,0,25.72860815,0.02082067,157.9237888,TSLA,0.2659261226666666,2,0,0.0,18.855712427734645,0.9100590353244056
18,2024-07-08,252.9400024,157219600,75,7,0,3,2024,0,0,27.51328023,0.005645667,158.8153739,TSLA,0.390642494,3,0,0.0,18.873154118481608,0.9589765230016514
19,2024-07-09,262.3299866,160210900,76,7,1,3,2024,0,0,28.4974639,0.037123365,164.711135,TSLA,1.0,1,0,0.0,18.892001636475754,1.0118368358349032
20,2024-07-10,263.2600098,128519400,77,7,2,3,2024,0,0,27.9528539,0.003545242,165.2950758,TSLA,0.8834754229999999,1,0,0.0,18.671590431447882,0.39366497610536655
21,2024-07-11,241.0299988,221707300,78,7,3,3,2024,0,0,25.25656811,-0.084441275,151.3373488,TSLA,0.372824967,4,0,0.0,19.216868605934238,1.9229684575210777
22,2024-07-12,248.2299957,155955800,79,7,4,3,2024,0,0,21.61822427,0.029871788,155.8580659,TSLA,0.861775696,2,0,0.0,18.865083198146078,0.9363405783684696
23,2024-07-15,252.6399994,146912900,82,7,0,3,2024,0,0,15.77784706,0.017765797,158.6270087,TSLA,0.417517513,2,0,0.0,18.80535045893539,0.7688123509358361
24,2024-07-16,256.5599976,126332500,83,7,1,3,2024,0,0,9.619614346,0.015516142,161.0882879,TSLA,1.0,0,0,0.0,18.654427885966385,0.3455303875909203
25,2024-07-18,249.2299957,110869000,85,7,3,3,2024,0,0,6.7197607,0.002937609,156.4859436,TSLA,0.791539848,1,0,0.0,18.523859891155038,-0.020664516898986428
26,2024-07-23,246.3800049,111928200,90,7,1,3,2024,0,0,7.016608208,-0.020396762,154.696498,TSLA,-1.0,1,0,0.0,18.533368161190946,0.006002661705499523
27,2024-07-24,215.9900055,167942900,0,7,2,3,2024,0,0,11.39098448,-0.123346046,135.6152967,TSLA,-1.0,1,0,0.0,18.939134604596934,1.1440273683187567
28,2024-07-26,219.8000031,94604100,2,7,4,3,2024,0,0,15.41951224,-0.002043119,138.007509,TSLA,0.0,0,0,0.0,18.365211384033856,-0.4656148663061946
29,2024-07-30,222.6199951,100560300,6,7,1,3,2024,0,0,14.04030044,-0.04084451,139.778119,TSLA,0.728719652,1,0,0.0,18.426268115479655,-0.29437333064069415
30,2024-08-02,207.6699982,82880100,9,8,4,3,2024,0,0,13.90467011,-0.042377582,130.39135,TSLA,0.314823389,2,0,0.0,18.232905555104047,-0.8366837523560455
31,2024-08-05,198.8800049,100308800,12,8,0,3,2024,0,0,13.3460899,-0.042326736,124.8723097,TSLA,0.0,1,0,0.0,18.423763995842364,-0.30139645949193966
32,2024-08-07,191.7599945,71159800,14,8,2,3,2024,0,0,13.94596804,-0.044258398,120.4018144,TSLA,0.52887853,2,0,0.0,18.0804386242431,-1.2642970680477188
33,2024-08-08,198.8399963,65033900,15,8,3,3,2024,0,0,14.55518979,0.036921162,124.8471893,TSLA,0.8619038765,2,0,0.0,17.990419245744132,-1.51676811012277
34,2024-08-09,200.0,58648300,16,8,4,3,2024,0,0,14.74052732,0.005833855,125.5755296,TSLA,-1.0,1,0,0.0,17.887069164187217,-1.8066268408127921
35,2024-08-12,197.4900055,64044900,19,8,0,3,2024,0,0,12.96928203,-0.012549973,123.9995602,TSLA,0.0,1,0,0.0,17.97509497345806,-1.5597470226371555
36,2024-08-16,216.1199951,88765100,23,8,4,3,2024,0,0,7.651302556,0.009246268,135.6969143,TSLA,0.7891836959999999,2,0,0.0,18.301504123958246,-0.6442901538635261
37,2024-08-19,222.7200012,76435200,26,8,0,3,2024,0,0,9.751774609,0.030538619,139.8409106,TSLA,0.894417822,1,0,0.0,18.15195389409917,-1.0637232026655359
38,2024-08-22,210.6600037,79514500,29,8,3,3,2024,0,0,9.603273838,-0.056478705,132.2687077,TSLA,0.684373796,1,0,0.0,18.19144996550697,-0.9529513391793624
39,2024-08-23,220.3200073,81525200,30,8,4,3,2024,0,0,9.039644452,0.045855898,138.334008,TSLA,0.6432636776666666,3,0,0.0,18.216422745137997,-0.8829119343080156
40,2024-08-26,213.2100067,59301200,33,8,0,3,2024,0,0,7.105510087,-0.032271244,133.8697976,TSLA,0.1838257165,4,0,0.0,17.89814011671396,-1.7755769161432673
41,2024-08-28,205.75,64116400,35,8,2,3,2024,0,0,6.077271489,-0.016538438,129.1858261,TSLA,0.0,1,0,0.0,17.976210754997453,-1.5566176683506
42,2024-08-29,206.2799988,62308800,36,8,3,3,2024,0,0,6.763775793,0.002575936,129.5186005,TSLA,-0.3333333333333333,3,0,0.0,17.947613241838074,-1.6368231093178047
43,2024-08-30,214.1100006,63370600,37,8,4,3,2024,0,0,6.752159839,0.037958124,134.4348836,TSLA,0.247616753,2,0,0.0,17.964510605237685,-1.5894322584037486
44,2024-09-03,210.6000061,76714200,41,9,1,3,2024,0,0,6.211354037,-0.016393417,132.2310365,TSLA,0.5768065453333334,3,0,0.0,18.155597399134162,-1.053504519440556
45,2024-09-05,230.1699982,119355000,43,9,3,3,2024,0,0,7.487977867,0.049040583,144.5185971,TSLA,0.919758469,2,0,0.0,18.59761281184025,0.18618513094308825
46,2024-09-09,216.2700043,67443500,47,9,0,3,2024,0,0,7.207782738,0.026289606,135.7911017,TSLA,0.0,2,0,0.0,18.02680078312184,-1.4147313619558475
47,2024-09-11,228.1300049,83548600,49,9,2,3,2024,0,0,8.927455786,0.008666077,143.2377309,TSLA,0.893274426,1,0,0.0,18.240939068401094,-0.8141527206221125
48,2024-09-13,230.2899933,59515100,51,9,4,3,2024,0,0,8.221537008,0.002088663,144.5939394,TSLA,0.673480034,1,0,0.0,17.90174063663384,-1.7654787902581384
49,2024-09-16,226.7799988,54323000,54,9,0,3,2024,0,0,7.914880372,-0.015241628,142.3900923,TSLA,0.447752267,2,0,0.0,17.810458286374978,-2.0214920007156905
50,2024-09-17,227.8699951,66761600,55,9,1,3,2024,0,0,6.746227652,0.004806404,143.0744766,TSLA,1.0,1,0,0.0,18.016638637896364,-1.4432324184791734
51,2024-09-18,227.1999969,78010200,56,9,2,3,2024,0,0,6.531430727,-0.002940265,142.6537998,TSLA,0.0,1,0,0.0,18.17235015815392,-1.0065192302964046
52,2024-09-24,254.2700043,88491000,62,9,1,3,2024,0,0,10.31597179,0.017080017,159.6504523,TSLA,-0.0814867615,2,0,0.0,18.29841142119221,-0.6529640405664705
53,2024-09-25,257.019989,65034300,63,9,2,3,2024,0,0,11.89921078,0.010815215,161.3771062,TSLA,0.0,1,0,0.0,17.99042539636348,-1.5167508599117339
54,2024-09-27,260.4599915,70988100,65,9,4,3,2024,0,0,13.15880498,0.024545631,163.5370069,TSLA,0.4627354445,3,0,0.0,18.07802282941126,-1.2710724785071597
55,2024-09-30,261.6300049,80705700,68,9,0,3,2024,1,0,12.69861563,0.004492104,164.2716322,TSLA,0.2460306883333333,2,0,0.0,18.206319775106817,-0.91124702631106
56,2024-10-02,249.0200043,93983900,70,10,2,4,2024,0,0,7.441789286,-0.034880959,156.3540946,TSLA,0.675473273,1,0,0.0,18.35863405960914,-0.48406182716354407
57,2024-10-03,240.6600037,80729200,71,10,3,4,2024,0,0,7.92400349,-0.033571603,151.1050371,TSLA,0.29178828,3,0,0.0,18.206610914134064,-0.9104304890851483
58,2024-10-04,250.0800018,86573200,72,10,4,4,2024,0,0,6.301130481,0.03914235,157.0196434,TSLA,-0.0602559444999999,2,0,0.0,18.276500868366053,-0.7144150325273131
59,2024-10-07,240.8300018,68113300,75,10,0,4,2024,0,0,7.437928892,-0.036988164,151.2117752,TSLA,0.6912370919999999,2,0,0.0,18.036683067760297,-1.3870152108075444
60,2024-10-08,244.5,56303200,76,10,1,4,2024,0,0,7.828659504,0.015238958,153.516085,TSLA,0.0,1,0,0.0,17.846261947621556,-1.921075981234625
61,2024-10-10,238.7700043,83087100,78,10,3,4,2024,0,0,8.789546005,-0.009458613,149.9183487,TSLA,0.829692185,1,0,0.0,18.235400025154053,-0.829687687025986
62,2024-10-11,217.8000031,142628900,79,10,4,4,2024,0,0,12.07815615,-0.087825107,136.7517537,TSLA,0.5973178645,6,1,0.235000677,18.77575671721857,0.6858128575519647
63,2024-10-14,219.1600037,86291900,82,10,0,4,2024,0,0,12.73150477,0.006244264,137.6056677,TSLA,-0.5,0,0,0.0,18.273246304604555,-0.7235428794205742
64,2024-10-15,219.5700073,62988800,83,10,1,4,2024,0,0,12.48465558,0.001870796,137.8630998,TSLA,0.4576687215,6,1,0.051990329,17.958467506649527,-1.6063809134972962
65,2024-10-16,221.3300018,49632800,84,10,2,4,2024,0,0,12.38183813,0.008015642,138.968161,TSLA,0.812973201,2,0,0.0,17.720162483609606,-2.274738310558163
66,2024-10-17,220.8899994,50791800,85,10,3,4,2024,0,0,12.66450865,-0.001987993,138.6918933,TSLA,0.296136101,2,0,0.0,17.743245501884914,-2.209998986921628
67,2024-10-18,220.6999969,49611900,86,10,4,4,2024,0,0,11.1685062,-0.000860168,138.572595,TSLA,-1.0,4,0,0.0,17.719741302430403,-2.2759195678939586
68,2024-10-21,218.8500061,47329000,89,10,0,4,2024,0,0,10.61258628,-0.008382378,137.4110271,TSLA,-0.75,2,0,0.0,17.672633794539454,-2.408038693854408
69,2024-10-22,217.9700012,43268700,90,10,1,4,2024,0,0,8.688380105,-0.004021041,136.8584917,TSLA,0.935915232,2,0,0.0,17.582940090950803,-2.6595963383326673
70,2024-10-23,213.6499939,80938900,91,10,2,4,2024,0,0,6.660904608,-0.019819275,134.1460557,TSLA,0.4842274386666667,3,0,0.0,18.20920511936083,-0.903154703494538
71,2024-10-24,260.480011,204491900,0,10,3,4,2024,0,0,13.33651034,0.219190351,163.5495767,TSLA,0.3418712361428571,6,0,0.0,19.136038928750896,1.6962711266868944
72,2024-10-25,269.1900024,161611900,1,10,4,4,2024,0,0,19.54775996,0.033438234,169.0183856,TSLA,1.0,1,0,0.0,18.900708346141602,1.0362559342449942
73,2024-10-28,262.5100098,107653600,4,10,0,4,2024,0,0,21.98076862,-0.024815159,164.8241676,TSLA,0.3333333333333333,4,0,0.0,18.49442923221378,-0.10320662345152239
74,2024-10-29,259.519989,80521800,5,10,1,4,2024,0,0,22.9747781,-0.011390121,162.9468004,TSLA,0.915567994,2,0,0.0,18.204038525599486,-0.9176450869281468
75,2024-10-30,257.5499878,53993600,6,10,2,4,2024,0,0,23.17013455,-0.007590942,161.7098806,TSLA,0.167526871,3,0,0.0,17.804376097506868,-2.0385502895778664
76,2024-11-01,248.9799957,57544800,8,11,4,4,2024,0,1,20.89401361,-0.003482131,156.3289742,TSLA,0.0,1,0,0.0,17.868074350215572,-1.8599002643512346
77,2024-11-04,242.8399963,68802400,11,11,0,4,2024,0,0,18.71216721,-0.024660613,152.4738058,TSLA,0.898655236,1,0,0.0,18.046749200550455,-1.3587834336327436
78,2024-11-07,296.9100037,117309200,14,11,3,4,2024,0,0,17.60953789,0.029043791,186.4231548,TSLA,1.0,2,0,0.0,18.580323750445153,0.13769571211234563
79,2024-11-08,321.2200012,204782800,15,11,4,4,2024,0,0,25.60228054,0.081876654,201.6868589,TSLA,0.69595247475,4,0,0.0,19.137460468110966,1.700258018504768
80,2024-11-11,350.0,210521600,18,11,0,4,2024,0,0,36.26917109,0.089595911,219.7571769,TSLA,0.522402227,0,0,0.0,19.165098823399084,1.7777733766108195
81,2024-11-12,328.4899902,155726000,19,11,1,4,2024,0,0,39.09055932,-0.061457171,206.2515225,TSLA,0.0,3,0,0.0,18.863608617081898,0.9322049242003851
82,2024-11-13,330.2399902,125405600,20,11,2,4,2024,0,0,40.44709966,0.005327407,207.3503084,TSLA,0.0,1,0,0.0,18.64706385023741,0.3248769926733603
83,2024-11-15,320.7200012,114440300,22,11,4,4,2024,0,0,34.68009,0.030657525,201.3729201,TSLA,-1.0,2,0,0.0,18.555563856341955,0.06825337236131143
84,2024-11-18,338.7399902,126085600,25,11,0,4,2024,0,0,28.55969502,0.056186047,212.6872684,TSLA,0.7283159939999999,4,0,0.0,18.652471607262246,0.340043749810714
85,2024-11-19,346.0,88852500,26,11,1,4,2024,0,0,20.01344249,0.021432396,217.2456663,TSLA,0.4433130025,2,0,0.0,18.302488260733767,-0.6415300144201824
86,2024-11-20,342.0299988,66340700,27,11,2,4,2024,0,0,16.5692323,-0.011473992,214.7529912,TSLA,0.44332093,2,0,0.0,18.01031415820456,-1.460970243434164
87,2024-11-22,352.5599976,89140700,29,11,4,4,2024,0,0,13.1926947,0.038040226,221.3645421,TSLA,0.0,1,0,0.0,18.305726589485865,-0.6324477007199947
88,2024-11-25,338.5899963,95890900,32,11,0,4,2024,0,0,12.30718466,-0.039624465,212.5930906,TSLA,0.3823010444,5,0,0.0,18.378721655268848,-0.42772355540968504
89,2024-11-26,338.230011,62295900,33,11,1,4,2024,0,0,12.13485812,-0.00106319,212.3670638,TSLA,1.0,3,0,0.0,17.94740618705059,-1.6374038213693038
90,2024-11-27,332.8900146,57896400,34,11,2,4,2024,0,0,12.02858716,-0.015788062,209.0141995,TSLA,0.5,2,0,0.0,17.874165781716634,-1.8428160533241662
91,2024-11-29,345.1600037,37167600,36,11,4,4,2024,0,0,8.502608568,0.036858988,216.7182513,TSLA,0.739204228,1,0,0.0,17.43094799889381,-3.085877906908878
92,2024-12-02,357.0899963,77986500,39,12,0,4,2024,0,0,7.289958772,0.034563659,224.2088271,TSLA,0.307394266,3,0,0.0,18.172046305573982,-1.0073714243325524
93,2024-12-03,351.4200134,58267200,40,12,1,4,2024,0,0,7.546916891,-0.015878302,220.6487716,TSLA,-1.0,3,0,0.0,17.8805499029561,-1.82491095590028
94,2024-12-04,357.9299927,50810900,41,12,2,4,2024,0,0,8.691005881,0.018524782,224.736242,TSLA,-0.5,1,0,0.0,17.74362147614247,-2.208944518270755
95,2024-12-05,369.4899902,81403600,42,12,3,4,2024,0,0,11.3769258,0.032296812,231.9945061,TSLA,1.0,3,0,0.0,18.214930068323522,-0.8870983403587549
96,2024-12-06,389.2200012,81455800,43,12,4,4,2024,0,0,16.7283635,0.053397958,244.382539,TSLA,0.3333333333333333,2,0,0.0,18.21557111208454,-0.8853004498483051
97,2024-12-09,389.7900085,96359200,46,12,0,4,2024,0,0,20.31429779,0.001464486,244.7404338,TSLA,0.0,3,0,0.0,18.383593443854235,-0.41405999139234356
98,2024-12-10,400.9899902,97563600,47,12,1,4,2024,0,0,23.38855889,0.028733373,251.772652,TSLA,0.0,2,0,0.0,18.39601504124992,-0.37922200771573294
99,2024-12-11,424.769989,104287600,48,12,2,4,2024,0,0,28.55410758,0.059303223,266.7035817,TSLA,0.8684786756666667,3,0,0.0,18.462663034668566,-0.19229905144572124
100,2024-12-12,418.1000061,87752200,49,12,3,4,2024,0,0,28.34094286,-0.015702576,262.5156485,TSLA,0.0,1,0,0.0,18.29002750261677,-0.676477829427365
101,2024-12-13,436.230011,89000200,50,12,4,4,2024,0,0,30.32301703,0.043362843,273.8990734,TSLA,1.0,2,0,0.0,18.30414918612083,-0.6368717333892178
102,2024-12-16,463.019989,114083800,53,12,0,4,2024,0,0,35.75751175,0.061412506,290.7199018,TSLA,0.4938763976,6,0,0.0,18.552443832798907,0.059502860989796874
103,2024-12-17,479.8599854,131223000,54,12,1,4,2024,0,0,39.22960346,0.036369912,301.2933591,TSLA,0.8775922209999999,3,0,0.0,18.692408731608822,0.4520526035640909
104,2024-12-18,440.1300049,149340800,55,12,2,4,2024,0,0,34.78212815,-0.082794944,276.3477924,TSLA,0.0,0,0,0.0,18.821741507157284,0.814783175154885
105,2024-12-19,436.1700134,118566100,56,12,3,4,2024,0,0,29.8124812,-0.008997322,273.8614022,TSLA,0.0,1,0,0.0,18.59098117736486,0.16758585049280453
106,2024-12-20,421.0599976,132216200,57,12,4,4,2024,0,0,26.77666081,-0.034642491,264.374161,TSLA,0.0,3,0,0.0,18.699949027041253,0.4732003417191752
107,2024-12-23,430.6000061,72698100,60,12,0,4,2024,0,0,22.57648159,0.022657124,270.3641191,TSLA,-0.3872468469999999,2,0,0.0,18.101825821117195,-1.2043138958474264
108,2024-12-27,431.6600037,82666800,64,12,4,4,2024,0,0,18.42790523,-0.049479226,271.0296679,TSLA,0.4657416045,2,0,0.0,18.230328640459827,-0.8439110442615543
109,2024-12-31,403.8399963,76825100,68,12,1,4,2024,1,0,22.56298477,-0.032510019,253.5621071,TSLA,0.802549064,1,0,0.0,18.15704198065617,-1.0494530028859506
110,2025-01-02,379.2799988,109710700,70,1,3,1,2025,0,0,24.05643799,-0.060816159,238.1414336,TSLA,-0.2213981946666667,6,1,0.349743889,18.51335746834577,-0.05011992611400221
111,2025-01-03,410.4400024,95423300,71,1,4,1,2025,0,0,24.17769908,0.082155673,257.7061035,TSLA,-1.0,1,0,0.0,18.37383335187851,-0.44143343734307083
112,2025-01-06,411.0499878,85516500,74,1,0,1,2025,0,0,24.15702626,0.001486174,258.0890996,TSLA,0.5581534303333333,3,0,0.0,18.26421990943806,-0.7488585773499037
113,2025-01-07,394.3599854,75699500,75,1,1,1,2025,0,0,25.71899429,-0.04060334,247.6098201,TSLA,-1.0,2,0,0.0,18.142282126576177,-1.090848931213699
114,2025-01-08,394.9400024,73038800,76,1,2,1,2025,0,0,26.47089865,0.001470781,247.9739999,TSLA,0.8942855000000001,1,0,0.0,18.106501378453597,-1.191200687861698
115,2025-01-10,394.7399902,62287300,78,1,4,1,2025,0,0,21.47898361,-0.000506437,247.8484167,TSLA,0.8695056735,2,0,0.0,17.94726812670416,-1.6377910295472937
116,2025-01-13,403.3099976,67580500,81,1,0,1,2025,0,0,14.56142263,0.021710512,253.2293328,TSLA,-0.0518803796666666,3,0,0.0,18.028830052658865,-1.4090400119020372
117,2025-01-14,396.3599854,84565000,82,1,1,1,2025,0,0,10.97609388,-0.017232432,248.8655754,TSLA,0.4644725325,2,0,0.0,18.253031039215504,-0.7802392175168875
118,2025-01-15,428.2200012,81375500,83,1,2,1,2025,0,0,13.13797811,0.080381514,268.8697673,TSLA,0.0,1,0,0.0,18.214584815156083,-0.8880666477211955
119,2025-01-16,413.8200073,68335200,84,1,3,1,2025,0,0,13.68994528,-0.03362756,259.828333,TSLA,1.0,1,0,0.0,18.039935579768386,-1.377893118323277
120,2025-01-17,426.5,94991400,85,1,4,1,2025,0,0,12.85057552,0.030641323,267.7898169,TSLA,1.0,3,0,0.0,18.36929692967854,-0.45415642276261253
121,2025-01-21,424.0700073,87320900,89,1,1,1,2025,0,0,13.89250124,-0.005697521,266.2640789,TSLA,0.1621866106,4,0,0.0,18.285100407962,-0.690296506501511
122,2025-01-22,415.1099854,60963300,90,1,2,1,2025,0,0,14.02628888,-0.021128639,260.6382813,TSLA,0.0,0,0,0.0,17.92578261813906,-1.698049929657399
123,2025-01-24,406.5799866,56427100,92,1,4,1,2025,0,0,11.92310659,-0.014064742,255.2824858,TSLA,0.4704954325,2,0,0.0,17.848460115242712,-1.9149109345610884
124,2025-01-27,397.1499939,58125500,95,1,0,1,2025,0,0,11.55158866,-0.02319345,249.3616041,TSLA,0.883135706,2,0,0.0,17.87811504118949,-1.8317398420554147
125,2025-01-28,398.0899963,48910700,96,1,1,1,2025,0,0,12.10993161,0.00236687,249.9518107,TSLA,-1.0,3,0,0.0,17.705506764860182,-2.3158421778223466
126,2025-01-29,389.1000061,68033600,97,1,2,1,2025,0,0,13.29947971,-0.022582809,244.3071967,TSLA,-0.063195714,5,0,0.0,18.035512273450134,-1.3902988555568323
127,2025-01-30,400.2799988,98092900,0,1,3,1,2025,0,0,12.19248746,0.028732954,251.3268642,TSLA,0.225367546,3,0,0.0,18.401425556983384,-0.3640475134216362
128,2025-02-03,383.6799927,93732100,4,2,0,1,2025,0,0,12.13832883,-0.05170542,240.9040915,TSLA,0.8469109235,4,0,0.0,18.355951281920074,-0.491586025731769
129,2025-02-04,392.2099915,57072200,5,2,1,1,2025,0,0,10.0202628,0.022232066,246.259887,TSLA,-0.6666666666666666,1,0,0.0,17.859827708441724,-1.883029042587433
130,2025-02-05,378.1700134,57223300,6,2,2,1,2025,0,0,10.59021072,-0.035797094,237.4444986,TSLA,0.868623197,1,0,0.0,17.86247173354127,-1.8756135306911526
131,2025-02-06,374.3200073,77918200,7,2,3,1,2025,0,0,10.97109866,-0.010180622,235.0271659,TSLA,0.0,1,0,0.0,18.171170129249685,-1.0098287746645074
132,2025-02-07,361.6199951,70298300,8,2,4,1,2025,0,0,13.45403758,-0.033928222,227.0531121,TSLA,0.8879832925,3,0,0.0,18.068258188636783,-1.2984586821549566
133,2025-02-10,350.730011,77514900,11,2,0,1,2025,0,0,17.3580172,-0.030114441,220.2155344,TSLA,0.590048492,3,0,0.0,18.165980746809623,-1.0243830719082203
134,2025-02-11,328.5,118543400,12,2,1,1,2025,0,0,23.5912949,-0.063382118,206.2578074,TSLA,0.8999822735,2,0,0.0,18.590789704649698,0.16704884038751383
135,2025-02-12,336.5100098,105382700,13,2,2,1,2025,0,0,26.14911123,0.024383591,211.2871135,TSLA,0.2918006976666666,3,0,0.0,18.47310905346648,-0.16300183460840215
136,2025-02-13,355.9400024,89441500,14,2,3,1,2025,0,0,24.34101299,0.057739717,223.4867716,TSLA,1.0,1,0,0.0,18.309095349430603,-0.6229995757947764
137,2025-02-14,355.8399963,68277300,15,2,4,1,2025,0,0,20.46438213,-0.000280963,223.42398,TSLA,0.0,3,0,0.0,18.039087926696826,-1.3802704714872656
138,2025-02-18,354.1099854,51631700,19,2,1,1,2025,0,0,19.02992828,-0.004861767,222.3377448,TSLA,0.1074767027142857,6,0,0.0,17.759646402274775,-2.164000531017549
139,2025-02-19,360.5599976,67094400,20,2,2,1,2025,0,0,15.07619522,0.018214714,226.3875633,TSLA,0.463256091,3,0,0.0,18.02161115583743,-1.4292863458973424
140,2025-02-20,354.3999939,45965400,21,2,3,1,2025,0,0,12.83478076,-0.017084545,222.5198347,TSLA,0.863715053,0,0,0.0,17.64339951927109,-2.490030016882678
141,2025-02-21,337.7999878,74058600,22,2,4,1,2025,0,0,11.27529241,-0.046839747,212.0970619,TSLA,0.7532489895000001,2,0,0.0,18.120367243182205,-1.1523120688145958
142,2025-02-24,330.5299988,76052300,25,2,0,1,2025,0,0,11.86394116,-0.021521579,207.5323983,TSLA,0.5551586550000001,3,0,0.0,18.146931832622116,-1.077808226530604
143,2025-02-25,302.7999878,134228800,26,2,1,1,2025,0,0,18.03724608,-0.083895595,190.1213442,TSLA,0.720602691,1,0,0.0,18.715056371994514,0.5155708533460774
144,2025-02-26,290.7999878,100118300,27,2,2,1,2025,0,0,24.04266269,-0.03963012,182.5868124,TSLA,0.335553378,2,0,0.0,18.421863054747426,-0.30672789575782966
145,2025-02-27,281.9500122,101748200,28,2,3,1,2025,0,0,29.88199067,-0.030433205,177.0301106,TSLA,1.0,1,0,0.0,18.438011701540994,-0.2614369178366635
146,2025-02-28,292.980011,115697000,29,2,4,1,2025,1,0,30.99999927,0.039120405,183.9556003,TSLA,1.0,1,0,0.0,18.566485271343954,0.09888389961517707
147,2025-03-03,284.6499939,115551400,32,3,0,1,2025,0,0,31.59957145,-0.028432032,178.7253687,TSLA,0.700667322,2,0,0.0,18.565226019232536,0.09535216347007194
148,2025-03-04,272.0400085,126706600,33,3,1,1,2025,0,0,32.13737397,-0.044299967,170.8078408,TSLA,0.919179142,0,0,0.0,18.65738474338175,0.35382327835925037
149,2025-03-05,279.1000061,94042900,34,3,2,1,2025,0,0,28.22305021,0.025952056,175.2406554,TSLA,0.0,2,0,0.0,18.35926162973541,-0.4823017252122044
150,2025-03-06,263.4500122,98451600,35,3,3,1,2025,0,0,24.06070241,-0.056073069,165.4143741,TSLA,0.3333333333333333,2,0,0.0,18.405075624979144,-0.35381042352054337
151,2025-03-10,222.1499939,189076900,39,3,0,1,2025,0,0,22.5847527,-0.154262068,139.4830157,TSLA,-0.5,4,0,0.0,19.057664373867116,1.4764595053046956
152,2025-03-11,230.5800018,174896400,40,3,1,1,2025,0,0,24.28253627,0.03794737,144.7760293,TSLA,0.7952970663333333,1,0,0.0,18.97970436230427,1.257810524522401
153,2025-03-12,248.0899963,142215700,41,3,2,1,2025,0,0,23.57986303,0.075938912,155.7701634,TSLA,-1.0,1,0,0.0,18.772855484146717,0.6776759724815827
154,2025-03-13,240.6799927,114813500,42,3,3,1,2025,0,0,23.65510012,-0.029868208,151.1175878,TSLA,0.723075092,1,0,0.0,18.558819639464485,0.07738463911100198
155,2025-03-14,249.9799957,100242300,43,3,4,1,2025,0,0,20.6366646,0.038640532,156.9568518,TSLA,0.891501963,2,0,0.0,18.423100823196847,-0.30325641333389186
156,2025-03-17,238.0099945,111900600,46,3,0,1,2025,0,0,18.4284761,-0.047883836,149.4411556,TSLA,-0.5,1,0,0.0,18.533121544134577,0.005310992131089468
157,2025-03-18,225.3099976,111477600,47,3,1,1,2025,0,0,18.33342148,-0.053359091,141.4671114,TSLA,0.4568052093333333,3,0,0.0,18.529334240791396,-0.005310992131089468
158,2025-03-20,236.2599945,99028300,49,3,3,1,2025,0,0,12.14196588,0.001695895,148.3423697,TSLA,-0.3333333333333333,3,0,0.0,18.410916235933065,-0.3374296713038597
159,2025-03-21,248.7100067,132728700,50,3,4,1,2025,0,0,9.66222749,0.052696235,156.1594541,TSLA,-0.0807642736666666,2,0,0.0,18.70381776076929,0.48405070807489975
160,2025-03-24,278.3900146,169079900,53,3,0,1,2025,0,0,14.73174359,0.119335801,174.7948677,TSLA,0.19355405875,4,0,0.0,18.945881948141047,1.162951169884884
161,2025-03-27,273.1300049,162572100,56,3,3,1,2025,0,0,21.64311564,0.003932983,171.4922251,TSLA,0.910329223,1,0,0.0,18.90663215979055,1.0528700392293509
162,2025-03-28,263.5499878,123809400,57,3,4,1,2025,0,0,21.74746602,-0.035074935,165.4771465,TSLA,0.916592419,1,0,0.0,18.634253852326857,0.2889496892928645
163,2025-03-31,259.1600037,134008900,60,3,0,1,2025,1,0,20.81835965,-0.016657121,162.7207736,TSLA,0.7902377545,2,0,0.0,18.713416781082252,0.5109724076214122
164,2025-04-02,282.7600098,212787800,62,4,2,2,2025,0,0,15.78721053,0.053266851,177.5386899,TSLA,-1.0,2,0,0.0,19.175805987660738,1.8078030098285083
165,2025-04-04,239.4299927,181229400,64,4,4,2,2025,0,0,13.63768256,-0.104197868,150.3327407,TSLA,-1.0,1,0,0.0,19.015274195585274,1.3575707430957185
166,2025-04-07,233.2899933,183453800,67,4,0,2,2025,0,0,17.25236163,-0.025644237,146.4775723,TSLA,-0.1435489354999999,2,0,0.0,19.027473428093028,1.391785075555077
167,2025-04-08,221.8600006,171603500,68,4,1,2,2025,0,0,19.80114912,-0.048994783,139.3009354,TSLA,1.0,1,0,0.0,18.96069714690792,1.2045023195772138
168,2025-04-09,272.2000122,219433400,69,4,2,2,2025,0,0,19.81216509,0.226899898,170.9083035,TSLA,0.333226204,2,0,0.0,19.206559332139992,1.8940547598120896
169,2025-04-10,252.3999939,181722600,70,4,3,2,2025,0,0,19.13928525,-0.072740696,158.4763146,TSLA,1.0,1,0,0.0,19.017991911982186,1.3651929318092377
170,2025-04-11,252.3099976,128948100,71,4,4,2,2025,0,0,18.97854609,-0.000356562,158.4198079,TSLA,0.0,1,0,0.0,18.67492056354496,0.4030047642133915
171,2025-04-14,252.3500061,100135200,74,4,0,2,2025,0,0,18.93142135,0.000158569,158.4449284,TSLA,0.3654839395,2,0,0.0,18.422031840809804,-0.3062545133176602
172,2025-04-16,241.5500031,112378700,76,4,2,2,2025,0,0,15.13525738,-0.049427404,151.6638478,TSLA,0.0,1,0,0.0,18.53738498458526,0.01726836476970364
173,2025-04-17,241.3699951,83404800,77,4,3,2,2025,0,0,13.75146006,-0.00074522,151.5508249,TSLA,0.4513968825,2,0,0.0,18.23921643161936,-0.818984079276802
174,2025-04-21,227.5,97768000,81,4,0,2,2025,0,0,14.86551648,-0.057463626,142.842165,TSLA,0.4172475635,3,0,0.0,18.39810789332827,-0.3733523321643111
175,2025-04-22,237.9700012,120858500,82,4,1,2,2025,0,0,14.52947487,0.046021983,149.4160447,TSLA,0.5209432126,8,1,0.822680389,18.610131006040696,0.22129403290824295
176,2025-04-23,250.7400055,150381900,0,4,2,2,2025,0,0,11.98667872,0.053662244,157.434045,TSLA,0.2030837365714285,5,0,0.0,18.828688623142938,0.8342672644872083
177,2025-04-24,259.5100098,94464200,1,4,3,2,2025,0,0,9.604428132,0.034976486,162.9405346,TSLA,-0.0951180815999999,5,0,0.0,18.36373149529468,-0.4697654065383652
178,2025-04-25,284.9500122,167560700,2,4,4,2,2025,0,0,15.40755694,0.09803091,178.9137435,TSLA,0.82482203825,3,0,0.0,18.93685623761039,1.1376373921057026
179,2025-04-28,285.8800049,151731800,5,4,0,2,2025,0,0,19.11960648,0.003263705,179.4976651,TSLA,0.2727616826666666,3,0,0.0,18.83762505319965,0.8593306435781266
180,2025-04-29,292.0299988,108906600,6,4,1,2,2025,0,0,22.62850101,0.021512501,183.3591088,TSLA,0.179980278,3,0,0.0,18.506001201309502,-0.07075153272357562
181,2025-04-30,282.1600037,128961100,7,4,2,2,2025,1,0,23.85829151,-0.033797881,177.1619595,TSLA,0.0,2,0,0.0,18.675021374217167,0.40328750084064996
182,2025-05-01,280.519989,99659000,8,5,3,2,2025,0,1,23.62493492,-0.005812357,176.132231,TSLA,0.379139006,1,0,0.0,18.417264926685412,-0.3196239432841354
183,2025-05-02,287.2099915,114454700,9,5,4,2,2025,0,0,23.13146482,0.023848577,180.332734,TSLA,0.8885919449999999,2,0,0.0,18.555689678224418,0.06860625617711866
184,2025-05-05,280.2600098,94618900,12,5,0,2,2025,0,0,18.12886688,-0.024198259,175.9689958,TSLA,0.2735473515,2,0,0.0,18.365367813219247,-0.46517614033290594
185,2025-05-07,276.2200012,71592600,14,5,2,2,2025,0,0,8.912308823,0.003159597,173.4323647,TSLA,0.8951375184999999,2,0,0.0,18.086502288602308,-1.2472907335774153
186,2025-05-08,284.8200073,97539400,15,5,3,2,2025,0,0,5.093489267,0.031134625,178.8321164,TSLA,0.602661073,2,0,0.0,18.395766967156995,-0.3799177637384619
187,2025-05-09,298.2600098,132387800,16,5,4,2,2025,0,0,7.043038942,0.047187705,187.2707935,TSLA,0.8792237243333334,2,0,0.0,18.70124605976003,0.4768380384859782
188,2025-05-12,318.3800049,112826700,19,5,0,2,2025,0,0,12.91704194,0.067457904,199.9036887,TSLA,0.8214904466666666,3,0,0.0,18.541363580009513,0.028426852525403123
189,2025-05-13,334.0700073,136992600,20,5,1,2,2025,0,0,19.63950766,0.049280741,209.7550905,TSLA,-0.10641528675,4,0,0.0,18.735437475034683,0.5727323046801294
190,2025-05-14,347.6799927,136997300,21,5,2,2,2025,0,0,25.99482235,0.04073992,218.3004961,TSLA,0.3219968825,5,0,0.0,18.73547178286841,0.5728285254569949
191,2025-05-15,342.8200073,97882600,22,5,3,2,2025,0,0,28.60111826,-0.013978329,215.2490199,TSLA,0.0,0,0,0.0,18.399279369540807,-0.37006677493122275
192,2025-05-16,349.980011,95895700,23,5,4,2,2025,0,0,31.15697872,0.020885606,219.7446262,TSLA,0.459979832,2,0,0.0,18.378771710903088,-0.42758316788036543
193,2025-05-19,342.0899963,88869900,26,5,0,2,2025,0,0,30.55572669,-0.022544187,214.7906624,TSLA,0.0,2,0,0.0,18.302684071727317,-0.6409808370495375
194,2025-05-20,343.8200073,131715500,27,5,1,2,2025,0,0,27.73519027,0.005057181,215.8768976,TSLA,0.8810587723333333,5,0,0.0,18.696154859104116,0.46255910481141604
195,2025-05-21,334.6199951,102354800,28,5,2,2,2025,0,0,22.19532325,-0.026758222,210.1004156,TSLA,0.3044856586666666,3,0,0.0,18.443955776641204,-0.2447659869799306
196,2025-05-22,341.0400085,97113400,29,5,3,2,2025,0,0,15.76626626,0.019185983,214.1313985,TSLA,0.0,1,0,0.0,18.391389936097116,-0.39219371599795166
197,2025-05-23,339.3399963,84654800,30,5,4,2,2025,0,0,8.911615635,-0.004984788,213.0639988,TSLA,0.916884184,1,0,0.0,18.254092380824087,-0.7772625470889788
198,2025-05-27,362.8900146,120146400,34,5,1,2,2025,0,0,8.353326794,0.069399477,227.8505289,TSLA,0.2701821242857143,7,1,1.309447275,18.60422156547423,0.20472023910102044
199,2025-05-28,356.8999939,91404300,35,5,2,2,2025,0,0,8.506341454,-0.016506436,224.0895288,TSLA,0.288755397,3,0,0.0,18.330803092210015,-0.5621173909585616
200,2025-05-30,346.4599915,123474900,37,5,4,2,2025,0,0,9.24300888,-0.033395646,217.5344846,TSLA,0.0,1,0,0.0,18.631548462608905,0.2813620723519357
201,2025-06-02,342.6900024,81873800,40,6,0,2,2025,0,0,9.317851383,-0.010881456,215.1673928,TSLA,0.0,2,0,0.0,18.220689607537654,-0.8709449643689311
202,2025-06-04,332.0499878,98912100,42,6,2,2,2025,0,0,10.35825324,-0.035495401,208.4867654,TSLA,0.2316734671999999,7,0,0.0,18.40974214502313,-0.3407225617954931
203,2025-06-05,284.7000122,287499800,43,6,3,2,2025,0,0,21.93815778,-0.142598938,178.7567741,TSLA,0.6117523908333333,26,1,17.37565226,19.476732726027528,2.651791143167821
204,2025-06-06,295.1400146,164747700,44,6,4,2,2025,0,0,26.27358012,0.036670186,185.3118183,TSLA,0.6730194475,6,0,0.0,18.919925776773045,1.0901537151275953
205,2025-06-09,308.5799866,140908900,47,6,0,2,2025,0,0,27.6414525,0.045537614,193.7504762,TSLA,0.230574588,5,0,0.0,18.76362414733635,0.6517854890865481
206,2025-06-10,326.0899963,151256500,48,6,1,2,2025,0,0,25.6274367,0.056743828,204.74462,TSLA,0.85800526275,9,1,0.45495194,18.834487635769715,0.8505313487910748
207,2025-06-11,326.4299927,122611400,49,6,2,2,2025,0,0,23.75476965,0.001042646,204.9580961,TSLA,0.7248467971428572,5,0,0.0,18.624530570617473,0.26167948251638057
208,2025-06-12,319.1099854,105127500,50,6,3,2,2025,0,0,20.97041516,-0.022424432,200.3620271,TSLA,0.2390174069999999,2,0,0.0,18.47068446669972,-0.16980190319155197
209,2025-06-13,325.3099976,128964300,51,6,4,2,2025,0,0,19.2904896,0.019429076,204.2548762,TSLA,-1.0,2,0,0.0,18.675046187593246,0.40335709317755086
210,2025-06-16,329.1300049,83925900,54,6,0,2,2025,0,0,17.98484445,0.011742668,206.6533734,TSLA,0.3542063322857143,6,0,0.0,18.245444836548735,-0.8015157084748153
211,2025-06-17,316.3500061,88282700,55,6,1,2,2025,0,0,15.65642254,-0.038829637,198.6290978,TSLA,-0.0689110459999999,2,0,0.0,18.29605473471621,-0.6595736739627546
212,2025-06-18,322.0499878,95137700,56,6,2,2,2025,0,0,14.8357388,0.01801796,202.2079889,TSLA,0.8919383885,2,0,0.0,18.370835884287125,-0.449840224626009
213,2025-06-20,322.1600037,108688000,58,6,4,2,2025,0,0,10.28532856,0.000341611,202.2770654,TSLA,0.7207947542857144,7,1,0.162223664,18.503991959613867,-0.07638671209424273
214,2025-06-23,348.6799927,190716800,61,6,0,2,2025,0,0,10.39922249,0.082319309,218.9283738,TSLA,0.5014655708,5,0,0.0,19.066300168420383,1.5006797130684548
215,2025-06-24,340.4700012,114736200,62,6,1,2,2025,0,0,9.889787901,-0.023545921,213.7735036,TSLA,0.495296568,1,0,0.0,18.55814614695068,0.07549574185770684
216,2025-06-25,327.5499878,119845100,63,6,2,2,2025,0,0,9.876147608,-0.037947582,205.661316,TSLA,0.8056283,4,0,0.0,18.6017106419141,0.1976780277642222
217,2025-06-26,325.7799988,80440900,64,6,3,2,2025,0,0,9.887742443,-0.005403722,204.5499795,TSLA,0.626590967,1,0,0.0,18.203033323701074,-0.9204643062453607
218,2025-06-30,317.6600037,76695100,68,6,0,2,2025,1,0,10.09145197,-0.018446995,199.451616,TSLA,0.2698417106666667,4,0,0.0,18.155348392068102,-1.054202892107647
219,2025-07-01,300.7099915,145085700,69,7,1,3,2025,0,1,13.08969543,-0.053358975,188.8090822,TSLA,0.8408512642857143,8,1,1.124211864,18.792835167167993,0.7337115892212448
220,2025-07-02,315.6499939,119483700,70,7,2,3,2025,0,0,13.13992196,0.049682428,198.1895758,TSLA,0.22996403275,2,0,0.0,18.59869052672799,0.18920772235956113
221,2025-07-03,315.3500061,58042300,71,7,3,3,2025,0,0,13.44232268,-0.000950381,198.0012202,TSLA,0.5241179566666667,4,0,0.0,17.87668263026678,-1.835757224583107
222,2025-07-07,293.9400024,131177900,75,7,0,3,2025,0,0,16.44359193,-0.067892828,184.5583574,TSLA,0.680044737111111,8,1,1.620136519,18.692064982787073,0.45108851533457783
223,2025-07-09,295.8800049,75586800,77,7,2,3,2025,0,0,13.05849313,-0.006480617,185.7764416,TSLA,-0.0447523595,2,0,0.0,18.140792235960074,-1.0950275230091273
224,2025-07-10,309.8699951,104365300,78,7,3,3,2025,0,0,11.76075068,0.047282648,194.5604438,TSLA,-0.02196249375,6,1,0.23279061,18.46340781226664,-0.19021022591242231
225,2025-07-11,313.5100098,79236400,79,7,4,3,2025,0,0,10.45607202,0.011746909,196.8459276,TSLA,0.5,1,0,0.0,18.18794635978284,-0.9627776566116863
226,2025-07-14,316.8999939,78043400,82,7,0,3,2025,0,0,9.543735551,0.010813001,198.9744229,TSLA,0.8897103665,1,0,0.0,18.172775652984868,-1.0053258747638767
227,2025-07-16,321.6700134,97284800,84,7,2,3,2025,0,0,9.750889441,0.035040912,201.9694115,TSLA,0.891184628,2,0,0.0,18.39315332734921,-0.3872480561364213
228,2025-07-17,319.4100037,73922900,85,7,3,3,2025,0,0,10.09635721,-0.007025864,200.5504019,TSLA,0.3876382826,4,0,0.0,18.1185332296575,-1.1574557980147144
229,2025-07-18,329.6499939,94255000,86,7,4,3,2025,0,0,11.87169979,0.032059078,206.9798629,TSLA,0.71366527675,4,0,0.0,18.361514443892666,-0.4759834152286456
230,2025-07-21,328.4899902,75768800,89,7,0,3,2025,0,0,11.39165916,-0.003518895,206.2515225,TSLA,0.5484052498333333,7,0,0.0,18.143197169577522,-1.0882825742365083
231,2025-07-22,332.1099854,77370400,90,7,1,3,2025,0,0,10.99950181,0.011020108,208.5244365,TSLA,0.0,0,0,0.0,18.16411484939963,-1.0296162236068986
